solid ASCII
  facet normal -5.024296e-17 -7.071068e-01 7.071068e-01
    outer loop
      vertex   2.500000e+01 -1.600000e+01 2.100000e+01
      vertex   -2.500000e+01 -1.600000e+01 2.100000e+01
      vertex   2.500000e+01 -1.700000e+01 2.000000e+01
    endloop
  endfacet
  facet normal -1.004859e-16 -7.071068e-01 7.071068e-01
    outer loop
      vertex   2.500000e+01 -1.700000e+01 2.000000e+01
      vertex   -2.500000e+01 -1.600000e+01 2.100000e+01
      vertex   -2.500000e+01 -1.700000e+01 2.000000e+01
    endloop
  endfacet
  facet normal 7.064609e-01 -4.273301e-02 7.064609e-01
    outer loop
      vertex   3.100000e+01 -1.100000e+01 2.000000e+01
      vertex   3.000000e+01 -1.100000e+01 2.100000e+01
      vertex   3.095625e+01 -1.172322e+01 2.000000e+01
    endloop
  endfacet
  facet normal 7.050615e-01 -4.621217e-02 7.076389e-01
    outer loop
      vertex   3.095625e+01 -1.172322e+01 2.000000e+01
      vertex   3.000000e+01 -1.100000e+01 2.100000e+01
      vertex   2.995722e+01 -1.165263e+01 2.100000e+01
    endloop
  endfacet
  facet normal 6.971298e-01 -1.277538e-01 7.054708e-01
    outer loop
      vertex   3.095625e+01 -1.172322e+01 2.000000e+01
      vertex   2.995722e+01 -1.165263e+01 2.100000e+01
      vertex   3.082565e+01 -1.243589e+01 2.000000e+01
    endloop
  endfacet
  facet normal 6.919450e-01 -1.376364e-01 7.087089e-01
    outer loop
      vertex   3.082565e+01 -1.243589e+01 2.000000e+01
      vertex   2.995722e+01 -1.165263e+01 2.100000e+01
      vertex   2.982963e+01 -1.229410e+01 2.100000e+01
    endloop
  endfacet
  facet normal 6.774198e-01 -2.110926e-01 7.046576e-01
    outer loop
      vertex   3.082565e+01 -1.243589e+01 2.000000e+01
      vertex   2.982963e+01 -1.229410e+01 2.100000e+01
      vertex   3.061010e+01 -1.312763e+01 2.000000e+01
    endloop
  endfacet
  facet normal 6.672481e-01 -2.265002e-01 7.095616e-01
    outer loop
      vertex   3.061010e+01 -1.312763e+01 2.000000e+01
      vertex   2.982963e+01 -1.229410e+01 2.100000e+01
      vertex   2.961940e+01 -1.291342e+01 2.100000e+01
    endloop
  endfacet
  facet normal 6.476104e-01 -2.914658e-01 7.040230e-01
    outer loop
      vertex   3.061010e+01 -1.312763e+01 2.000000e+01
      vertex   2.961940e+01 -1.291342e+01 2.100000e+01
      vertex   3.031274e+01 -1.378834e+01 2.000000e+01
    endloop
  endfacet
  facet normal 6.313991e-01 -3.113716e-01 7.101992e-01
    outer loop
      vertex   3.031274e+01 -1.378834e+01 2.000000e+01
      vertex   2.961940e+01 -1.291342e+01 2.100000e+01
      vertex   2.933013e+01 -1.350000e+01 2.100000e+01
    endloop
  endfacet
  facet normal 6.081415e-01 -3.676343e-01 7.035687e-01
    outer loop
      vertex   3.031274e+01 -1.378834e+01 2.000000e+01
      vertex   2.933013e+01 -1.350000e+01 2.100000e+01
      vertex   2.993790e+01 -1.440839e+01 2.000000e+01
    endloop
  endfacet
  facet normal 5.849993e-01 -3.908841e-01 7.106233e-01
    outer loop
      vertex   2.993790e+01 -1.440839e+01 2.000000e+01
      vertex   2.933013e+01 -1.350000e+01 2.100000e+01
      vertex   2.896677e+01 -1.404381e+01 2.100000e+01
    endloop
  endfacet
  facet normal 5.596067e-01 -4.384239e-01 7.032957e-01
    outer loop
      vertex   2.993790e+01 -1.440839e+01 2.000000e+01
      vertex   2.896677e+01 -1.404381e+01 2.100000e+01
      vertex   2.949106e+01 -1.497874e+01 2.000000e+01
    endloop
  endfacet
  facet normal 5.288131e-01 -4.637567e-01 7.108350e-01
    outer loop
      vertex   2.949106e+01 -1.497874e+01 2.000000e+01
      vertex   2.896677e+01 -1.404381e+01 2.100000e+01
      vertex   2.853553e+01 -1.453553e+01 2.100000e+01
    endloop
  endfacet
  facet normal 5.027441e-01 -5.027441e-01 7.032046e-01
    outer loop
      vertex   2.949106e+01 -1.497874e+01 2.000000e+01
      vertex   2.853553e+01 -1.453553e+01 2.100000e+01
      vertex   2.897874e+01 -1.549106e+01 2.000000e+01
    endloop
  endfacet
  facet normal 4.637567e-01 -5.288131e-01 7.108350e-01
    outer loop
      vertex   2.897874e+01 -1.549106e+01 2.000000e+01
      vertex   2.853553e+01 -1.453553e+01 2.100000e+01
      vertex   2.804381e+01 -1.496677e+01 2.100000e+01
    endloop
  endfacet
  facet normal 4.384239e-01 -5.596067e-01 7.032957e-01
    outer loop
      vertex   2.897874e+01 -1.549106e+01 2.000000e+01
      vertex   2.804381e+01 -1.496677e+01 2.100000e+01
      vertex   2.840839e+01 -1.593790e+01 2.000000e+01
    endloop
  endfacet
  facet normal 3.908841e-01 -5.849993e-01 7.106233e-01
    outer loop
      vertex   2.840839e+01 -1.593790e+01 2.000000e+01
      vertex   2.804381e+01 -1.496677e+01 2.100000e+01
      vertex   2.750000e+01 -1.533013e+01 2.100000e+01
    endloop
  endfacet
  facet normal 3.676343e-01 -6.081415e-01 7.035687e-01
    outer loop
      vertex   2.840839e+01 -1.593790e+01 2.000000e+01
      vertex   2.750000e+01 -1.533013e+01 2.100000e+01
      vertex   2.778834e+01 -1.631274e+01 2.000000e+01
    endloop
  endfacet
  facet normal 3.113716e-01 -6.313991e-01 7.101992e-01
    outer loop
      vertex   2.778834e+01 -1.631274e+01 2.000000e+01
      vertex   2.750000e+01 -1.533013e+01 2.100000e+01
      vertex   2.691342e+01 -1.561940e+01 2.100000e+01
    endloop
  endfacet
  facet normal 2.914658e-01 -6.476104e-01 7.040230e-01
    outer loop
      vertex   2.778834e+01 -1.631274e+01 2.000000e+01
      vertex   2.691342e+01 -1.561940e+01 2.100000e+01
      vertex   2.712763e+01 -1.661010e+01 2.000000e+01
    endloop
  endfacet
  facet normal 2.265002e-01 -6.672481e-01 7.095616e-01
    outer loop
      vertex   2.712763e+01 -1.661010e+01 2.000000e+01
      vertex   2.691342e+01 -1.561940e+01 2.100000e+01
      vertex   2.629410e+01 -1.582963e+01 2.100000e+01
    endloop
  endfacet
  facet normal 2.110926e-01 -6.774198e-01 7.046576e-01
    outer loop
      vertex   2.712763e+01 -1.661010e+01 2.000000e+01
      vertex   2.629410e+01 -1.582963e+01 2.100000e+01
      vertex   2.643589e+01 -1.682565e+01 2.000000e+01
    endloop
  endfacet
  facet normal 1.376364e-01 -6.919450e-01 7.087089e-01
    outer loop
      vertex   2.643589e+01 -1.682565e+01 2.000000e+01
      vertex   2.629410e+01 -1.582963e+01 2.100000e+01
      vertex   2.565263e+01 -1.595722e+01 2.100000e+01
    endloop
  endfacet
  facet normal 1.277538e-01 -6.971298e-01 7.054708e-01
    outer loop
      vertex   2.643589e+01 -1.682565e+01 2.000000e+01
      vertex   2.565263e+01 -1.595722e+01 2.100000e+01
      vertex   2.572322e+01 -1.695625e+01 2.000000e+01
    endloop
  endfacet
  facet normal 4.621217e-02 -7.050615e-01 7.076389e-01
    outer loop
      vertex   2.572322e+01 -1.695625e+01 2.000000e+01
      vertex   2.565263e+01 -1.595722e+01 2.100000e+01
      vertex   2.500000e+01 -1.600000e+01 2.100000e+01
    endloop
  endfacet
  facet normal 4.273301e-02 -7.064609e-01 7.064609e-01
    outer loop
      vertex   2.572322e+01 -1.695625e+01 2.000000e+01
      vertex   2.500000e+01 -1.600000e+01 2.100000e+01
      vertex   2.500000e+01 -1.700000e+01 2.000000e+01
    endloop
  endfacet
  facet normal 7.071068e-01 1.141885e-16 7.071068e-01
    outer loop
      vertex   3.100000e+01 1.100000e+01 2.000000e+01
      vertex   3.000000e+01 1.100000e+01 2.100000e+01
      vertex   3.100000e+01 -1.100000e+01 2.000000e+01
    endloop
  endfacet
  facet normal 7.071068e-01 2.283771e-16 7.071068e-01
    outer loop
      vertex   3.100000e+01 -1.100000e+01 2.000000e+01
      vertex   3.000000e+01 1.100000e+01 2.100000e+01
      vertex   3.000000e+01 -1.100000e+01 2.100000e+01
    endloop
  endfacet
  facet normal 4.273301e-02 7.064609e-01 7.064609e-01
    outer loop
      vertex   2.500000e+01 1.700000e+01 2.000000e+01
      vertex   2.500000e+01 1.600000e+01 2.100000e+01
      vertex   2.572322e+01 1.695625e+01 2.000000e+01
    endloop
  endfacet
  facet normal 4.621217e-02 7.050615e-01 7.076389e-01
    outer loop
      vertex   2.572322e+01 1.695625e+01 2.000000e+01
      vertex   2.500000e+01 1.600000e+01 2.100000e+01
      vertex   2.565263e+01 1.595722e+01 2.100000e+01
    endloop
  endfacet
  facet normal 1.277538e-01 6.971298e-01 7.054708e-01
    outer loop
      vertex   2.572322e+01 1.695625e+01 2.000000e+01
      vertex   2.565263e+01 1.595722e+01 2.100000e+01
      vertex   2.643589e+01 1.682565e+01 2.000000e+01
    endloop
  endfacet
  facet normal 1.376364e-01 6.919450e-01 7.087089e-01
    outer loop
      vertex   2.643589e+01 1.682565e+01 2.000000e+01
      vertex   2.565263e+01 1.595722e+01 2.100000e+01
      vertex   2.629410e+01 1.582963e+01 2.100000e+01
    endloop
  endfacet
  facet normal 2.110926e-01 6.774198e-01 7.046576e-01
    outer loop
      vertex   2.643589e+01 1.682565e+01 2.000000e+01
      vertex   2.629410e+01 1.582963e+01 2.100000e+01
      vertex   2.712763e+01 1.661010e+01 2.000000e+01
    endloop
  endfacet
  facet normal 2.265002e-01 6.672481e-01 7.095616e-01
    outer loop
      vertex   2.712763e+01 1.661010e+01 2.000000e+01
      vertex   2.629410e+01 1.582963e+01 2.100000e+01
      vertex   2.691342e+01 1.561940e+01 2.100000e+01
    endloop
  endfacet
  facet normal 2.914658e-01 6.476104e-01 7.040230e-01
    outer loop
      vertex   2.712763e+01 1.661010e+01 2.000000e+01
      vertex   2.691342e+01 1.561940e+01 2.100000e+01
      vertex   2.778834e+01 1.631274e+01 2.000000e+01
    endloop
  endfacet
  facet normal 3.113716e-01 6.313991e-01 7.101992e-01
    outer loop
      vertex   2.778834e+01 1.631274e+01 2.000000e+01
      vertex   2.691342e+01 1.561940e+01 2.100000e+01
      vertex   2.750000e+01 1.533013e+01 2.100000e+01
    endloop
  endfacet
  facet normal 3.676343e-01 6.081415e-01 7.035687e-01
    outer loop
      vertex   2.778834e+01 1.631274e+01 2.000000e+01
      vertex   2.750000e+01 1.533013e+01 2.100000e+01
      vertex   2.840839e+01 1.593790e+01 2.000000e+01
    endloop
  endfacet
  facet normal 3.908841e-01 5.849993e-01 7.106233e-01
    outer loop
      vertex   2.840839e+01 1.593790e+01 2.000000e+01
      vertex   2.750000e+01 1.533013e+01 2.100000e+01
      vertex   2.804381e+01 1.496677e+01 2.100000e+01
    endloop
  endfacet
  facet normal 4.384239e-01 5.596067e-01 7.032957e-01
    outer loop
      vertex   2.840839e+01 1.593790e+01 2.000000e+01
      vertex   2.804381e+01 1.496677e+01 2.100000e+01
      vertex   2.897874e+01 1.549106e+01 2.000000e+01
    endloop
  endfacet
  facet normal 4.637567e-01 5.288131e-01 7.108350e-01
    outer loop
      vertex   2.897874e+01 1.549106e+01 2.000000e+01
      vertex   2.804381e+01 1.496677e+01 2.100000e+01
      vertex   2.853553e+01 1.453553e+01 2.100000e+01
    endloop
  endfacet
  facet normal 5.027441e-01 5.027441e-01 7.032046e-01
    outer loop
      vertex   2.897874e+01 1.549106e+01 2.000000e+01
      vertex   2.853553e+01 1.453553e+01 2.100000e+01
      vertex   2.949106e+01 1.497874e+01 2.000000e+01
    endloop
  endfacet
  facet normal 5.288131e-01 4.637567e-01 7.108350e-01
    outer loop
      vertex   2.949106e+01 1.497874e+01 2.000000e+01
      vertex   2.853553e+01 1.453553e+01 2.100000e+01
      vertex   2.896677e+01 1.404381e+01 2.100000e+01
    endloop
  endfacet
  facet normal 5.596067e-01 4.384239e-01 7.032957e-01
    outer loop
      vertex   2.949106e+01 1.497874e+01 2.000000e+01
      vertex   2.896677e+01 1.404381e+01 2.100000e+01
      vertex   2.993790e+01 1.440839e+01 2.000000e+01
    endloop
  endfacet
  facet normal 5.849993e-01 3.908841e-01 7.106233e-01
    outer loop
      vertex   2.993790e+01 1.440839e+01 2.000000e+01
      vertex   2.896677e+01 1.404381e+01 2.100000e+01
      vertex   2.933013e+01 1.350000e+01 2.100000e+01
    endloop
  endfacet
  facet normal 6.081415e-01 3.676343e-01 7.035687e-01
    outer loop
      vertex   2.993790e+01 1.440839e+01 2.000000e+01
      vertex   2.933013e+01 1.350000e+01 2.100000e+01
      vertex   3.031274e+01 1.378834e+01 2.000000e+01
    endloop
  endfacet
  facet normal 6.313991e-01 3.113716e-01 7.101992e-01
    outer loop
      vertex   3.031274e+01 1.378834e+01 2.000000e+01
      vertex   2.933013e+01 1.350000e+01 2.100000e+01
      vertex   2.961940e+01 1.291342e+01 2.100000e+01
    endloop
  endfacet
  facet normal 6.476104e-01 2.914658e-01 7.040230e-01
    outer loop
      vertex   3.031274e+01 1.378834e+01 2.000000e+01
      vertex   2.961940e+01 1.291342e+01 2.100000e+01
      vertex   3.061010e+01 1.312763e+01 2.000000e+01
    endloop
  endfacet
  facet normal 6.672481e-01 2.265002e-01 7.095616e-01
    outer loop
      vertex   3.061010e+01 1.312763e+01 2.000000e+01
      vertex   2.961940e+01 1.291342e+01 2.100000e+01
      vertex   2.982963e+01 1.229410e+01 2.100000e+01
    endloop
  endfacet
  facet normal 6.774198e-01 2.110926e-01 7.046576e-01
    outer loop
      vertex   3.061010e+01 1.312763e+01 2.000000e+01
      vertex   2.982963e+01 1.229410e+01 2.100000e+01
      vertex   3.082565e+01 1.243589e+01 2.000000e+01
    endloop
  endfacet
  facet normal 6.919450e-01 1.376364e-01 7.087089e-01
    outer loop
      vertex   3.082565e+01 1.243589e+01 2.000000e+01
      vertex   2.982963e+01 1.229410e+01 2.100000e+01
      vertex   2.995722e+01 1.165263e+01 2.100000e+01
    endloop
  endfacet
  facet normal 6.971298e-01 1.277538e-01 7.054708e-01
    outer loop
      vertex   3.082565e+01 1.243589e+01 2.000000e+01
      vertex   2.995722e+01 1.165263e+01 2.100000e+01
      vertex   3.095625e+01 1.172322e+01 2.000000e+01
    endloop
  endfacet
  facet normal 7.050615e-01 4.621217e-02 7.076389e-01
    outer loop
      vertex   3.095625e+01 1.172322e+01 2.000000e+01
      vertex   2.995722e+01 1.165263e+01 2.100000e+01
      vertex   3.000000e+01 1.100000e+01 2.100000e+01
    endloop
  endfacet
  facet normal 7.064609e-01 4.273301e-02 7.064609e-01
    outer loop
      vertex   3.095625e+01 1.172322e+01 2.000000e+01
      vertex   3.000000e+01 1.100000e+01 2.100000e+01
      vertex   3.100000e+01 1.100000e+01 2.000000e+01
    endloop
  endfacet
  facet normal -1.507289e-16 7.071068e-01 7.071068e-01
    outer loop
      vertex   -2.500000e+01 1.600000e+01 2.100000e+01
      vertex   2.500000e+01 1.600000e+01 2.100000e+01
      vertex   -2.500000e+01 1.700000e+01 2.000000e+01
    endloop
  endfacet
  facet normal -0.000000e+00 7.071068e-01 7.071068e-01
    outer loop
      vertex   -2.500000e+01 1.700000e+01 2.000000e+01
      vertex   2.500000e+01 1.600000e+01 2.100000e+01
      vertex   2.500000e+01 1.700000e+01 2.000000e+01
    endloop
  endfacet
  facet normal -7.064609e-01 4.273301e-02 7.064609e-01
    outer loop
      vertex   -3.100000e+01 1.100000e+01 2.000000e+01
      vertex   -3.000000e+01 1.100000e+01 2.100000e+01
      vertex   -3.095625e+01 1.172322e+01 2.000000e+01
    endloop
  endfacet
  facet normal -7.050615e-01 4.621217e-02 7.076389e-01
    outer loop
      vertex   -3.095625e+01 1.172322e+01 2.000000e+01
      vertex   -3.000000e+01 1.100000e+01 2.100000e+01
      vertex   -2.995722e+01 1.165263e+01 2.100000e+01
    endloop
  endfacet
  facet normal -6.971298e-01 1.277538e-01 7.054708e-01
    outer loop
      vertex   -3.095625e+01 1.172322e+01 2.000000e+01
      vertex   -2.995722e+01 1.165263e+01 2.100000e+01
      vertex   -3.082565e+01 1.243589e+01 2.000000e+01
    endloop
  endfacet
  facet normal -6.919450e-01 1.376364e-01 7.087089e-01
    outer loop
      vertex   -3.082565e+01 1.243589e+01 2.000000e+01
      vertex   -2.995722e+01 1.165263e+01 2.100000e+01
      vertex   -2.982963e+01 1.229410e+01 2.100000e+01
    endloop
  endfacet
  facet normal -6.774198e-01 2.110926e-01 7.046576e-01
    outer loop
      vertex   -3.082565e+01 1.243589e+01 2.000000e+01
      vertex   -2.982963e+01 1.229410e+01 2.100000e+01
      vertex   -3.061010e+01 1.312763e+01 2.000000e+01
    endloop
  endfacet
  facet normal -6.672481e-01 2.265002e-01 7.095616e-01
    outer loop
      vertex   -3.061010e+01 1.312763e+01 2.000000e+01
      vertex   -2.982963e+01 1.229410e+01 2.100000e+01
      vertex   -2.961940e+01 1.291342e+01 2.100000e+01
    endloop
  endfacet
  facet normal -6.476104e-01 2.914658e-01 7.040230e-01
    outer loop
      vertex   -3.061010e+01 1.312763e+01 2.000000e+01
      vertex   -2.961940e+01 1.291342e+01 2.100000e+01
      vertex   -3.031274e+01 1.378834e+01 2.000000e+01
    endloop
  endfacet
  facet normal -6.313991e-01 3.113716e-01 7.101992e-01
    outer loop
      vertex   -3.031274e+01 1.378834e+01 2.000000e+01
      vertex   -2.961940e+01 1.291342e+01 2.100000e+01
      vertex   -2.933013e+01 1.350000e+01 2.100000e+01
    endloop
  endfacet
  facet normal -6.081415e-01 3.676343e-01 7.035687e-01
    outer loop
      vertex   -3.031274e+01 1.378834e+01 2.000000e+01
      vertex   -2.933013e+01 1.350000e+01 2.100000e+01
      vertex   -2.993790e+01 1.440839e+01 2.000000e+01
    endloop
  endfacet
  facet normal -5.849993e-01 3.908841e-01 7.106233e-01
    outer loop
      vertex   -2.993790e+01 1.440839e+01 2.000000e+01
      vertex   -2.933013e+01 1.350000e+01 2.100000e+01
      vertex   -2.896677e+01 1.404381e+01 2.100000e+01
    endloop
  endfacet
  facet normal -5.596067e-01 4.384239e-01 7.032957e-01
    outer loop
      vertex   -2.993790e+01 1.440839e+01 2.000000e+01
      vertex   -2.896677e+01 1.404381e+01 2.100000e+01
      vertex   -2.949106e+01 1.497874e+01 2.000000e+01
    endloop
  endfacet
  facet normal -5.288131e-01 4.637567e-01 7.108350e-01
    outer loop
      vertex   -2.949106e+01 1.497874e+01 2.000000e+01
      vertex   -2.896677e+01 1.404381e+01 2.100000e+01
      vertex   -2.853553e+01 1.453553e+01 2.100000e+01
    endloop
  endfacet
  facet normal -5.027441e-01 5.027441e-01 7.032046e-01
    outer loop
      vertex   -2.949106e+01 1.497874e+01 2.000000e+01
      vertex   -2.853553e+01 1.453553e+01 2.100000e+01
      vertex   -2.897874e+01 1.549106e+01 2.000000e+01
    endloop
  endfacet
  facet normal -4.637567e-01 5.288131e-01 7.108350e-01
    outer loop
      vertex   -2.897874e+01 1.549106e+01 2.000000e+01
      vertex   -2.853553e+01 1.453553e+01 2.100000e+01
      vertex   -2.804381e+01 1.496677e+01 2.100000e+01
    endloop
  endfacet
  facet normal -4.384239e-01 5.596067e-01 7.032957e-01
    outer loop
      vertex   -2.897874e+01 1.549106e+01 2.000000e+01
      vertex   -2.804381e+01 1.496677e+01 2.100000e+01
      vertex   -2.840839e+01 1.593790e+01 2.000000e+01
    endloop
  endfacet
  facet normal -3.908841e-01 5.849993e-01 7.106233e-01
    outer loop
      vertex   -2.840839e+01 1.593790e+01 2.000000e+01
      vertex   -2.804381e+01 1.496677e+01 2.100000e+01
      vertex   -2.750000e+01 1.533013e+01 2.100000e+01
    endloop
  endfacet
  facet normal -3.676343e-01 6.081415e-01 7.035687e-01
    outer loop
      vertex   -2.840839e+01 1.593790e+01 2.000000e+01
      vertex   -2.750000e+01 1.533013e+01 2.100000e+01
      vertex   -2.778834e+01 1.631274e+01 2.000000e+01
    endloop
  endfacet
  facet normal -3.113716e-01 6.313991e-01 7.101992e-01
    outer loop
      vertex   -2.778834e+01 1.631274e+01 2.000000e+01
      vertex   -2.750000e+01 1.533013e+01 2.100000e+01
      vertex   -2.691342e+01 1.561940e+01 2.100000e+01
    endloop
  endfacet
  facet normal -2.914658e-01 6.476104e-01 7.040230e-01
    outer loop
      vertex   -2.778834e+01 1.631274e+01 2.000000e+01
      vertex   -2.691342e+01 1.561940e+01 2.100000e+01
      vertex   -2.712763e+01 1.661010e+01 2.000000e+01
    endloop
  endfacet
  facet normal -2.265002e-01 6.672481e-01 7.095616e-01
    outer loop
      vertex   -2.712763e+01 1.661010e+01 2.000000e+01
      vertex   -2.691342e+01 1.561940e+01 2.100000e+01
      vertex   -2.629410e+01 1.582963e+01 2.100000e+01
    endloop
  endfacet
  facet normal -2.110926e-01 6.774198e-01 7.046576e-01
    outer loop
      vertex   -2.712763e+01 1.661010e+01 2.000000e+01
      vertex   -2.629410e+01 1.582963e+01 2.100000e+01
      vertex   -2.643589e+01 1.682565e+01 2.000000e+01
    endloop
  endfacet
  facet normal -1.376364e-01 6.919450e-01 7.087089e-01
    outer loop
      vertex   -2.643589e+01 1.682565e+01 2.000000e+01
      vertex   -2.629410e+01 1.582963e+01 2.100000e+01
      vertex   -2.565263e+01 1.595722e+01 2.100000e+01
    endloop
  endfacet
  facet normal -1.277538e-01 6.971298e-01 7.054708e-01
    outer loop
      vertex   -2.643589e+01 1.682565e+01 2.000000e+01
      vertex   -2.565263e+01 1.595722e+01 2.100000e+01
      vertex   -2.572322e+01 1.695625e+01 2.000000e+01
    endloop
  endfacet
  facet normal -4.621217e-02 7.050615e-01 7.076389e-01
    outer loop
      vertex   -2.572322e+01 1.695625e+01 2.000000e+01
      vertex   -2.565263e+01 1.595722e+01 2.100000e+01
      vertex   -2.500000e+01 1.600000e+01 2.100000e+01
    endloop
  endfacet
  facet normal -4.273301e-02 7.064609e-01 7.064609e-01
    outer loop
      vertex   -2.572322e+01 1.695625e+01 2.000000e+01
      vertex   -2.500000e+01 1.600000e+01 2.100000e+01
      vertex   -2.500000e+01 1.700000e+01 2.000000e+01
    endloop
  endfacet
  facet normal -7.071068e-01 -1.141885e-16 7.071068e-01
    outer loop
      vertex   -3.100000e+01 -1.100000e+01 2.000000e+01
      vertex   -3.000000e+01 -1.100000e+01 2.100000e+01
      vertex   -3.100000e+01 1.100000e+01 2.000000e+01
    endloop
  endfacet
  facet normal -7.071068e-01 -3.425656e-16 7.071068e-01
    outer loop
      vertex   -3.100000e+01 1.100000e+01 2.000000e+01
      vertex   -3.000000e+01 -1.100000e+01 2.100000e+01
      vertex   -3.000000e+01 1.100000e+01 2.100000e+01
    endloop
  endfacet
  facet normal -4.273301e-02 -7.064609e-01 7.064609e-01
    outer loop
      vertex   -2.500000e+01 -1.700000e+01 2.000000e+01
      vertex   -2.500000e+01 -1.600000e+01 2.100000e+01
      vertex   -2.572322e+01 -1.695625e+01 2.000000e+01
    endloop
  endfacet
  facet normal -4.621217e-02 -7.050615e-01 7.076389e-01
    outer loop
      vertex   -2.572322e+01 -1.695625e+01 2.000000e+01
      vertex   -2.500000e+01 -1.600000e+01 2.100000e+01
      vertex   -2.565263e+01 -1.595722e+01 2.100000e+01
    endloop
  endfacet
  facet normal -1.277538e-01 -6.971298e-01 7.054708e-01
    outer loop
      vertex   -2.572322e+01 -1.695625e+01 2.000000e+01
      vertex   -2.565263e+01 -1.595722e+01 2.100000e+01
      vertex   -2.643589e+01 -1.682565e+01 2.000000e+01
    endloop
  endfacet
  facet normal -1.376364e-01 -6.919450e-01 7.087089e-01
    outer loop
      vertex   -2.643589e+01 -1.682565e+01 2.000000e+01
      vertex   -2.565263e+01 -1.595722e+01 2.100000e+01
      vertex   -2.629410e+01 -1.582963e+01 2.100000e+01
    endloop
  endfacet
  facet normal -2.110926e-01 -6.774198e-01 7.046576e-01
    outer loop
      vertex   -2.643589e+01 -1.682565e+01 2.000000e+01
      vertex   -2.629410e+01 -1.582963e+01 2.100000e+01
      vertex   -2.712763e+01 -1.661010e+01 2.000000e+01
    endloop
  endfacet
  facet normal -2.265002e-01 -6.672481e-01 7.095616e-01
    outer loop
      vertex   -2.712763e+01 -1.661010e+01 2.000000e+01
      vertex   -2.629410e+01 -1.582963e+01 2.100000e+01
      vertex   -2.691342e+01 -1.561940e+01 2.100000e+01
    endloop
  endfacet
  facet normal -2.914658e-01 -6.476104e-01 7.040230e-01
    outer loop
      vertex   -2.712763e+01 -1.661010e+01 2.000000e+01
      vertex   -2.691342e+01 -1.561940e+01 2.100000e+01
      vertex   -2.778834e+01 -1.631274e+01 2.000000e+01
    endloop
  endfacet
  facet normal -3.113716e-01 -6.313991e-01 7.101992e-01
    outer loop
      vertex   -2.778834e+01 -1.631274e+01 2.000000e+01
      vertex   -2.691342e+01 -1.561940e+01 2.100000e+01
      vertex   -2.750000e+01 -1.533013e+01 2.100000e+01
    endloop
  endfacet
  facet normal -3.676343e-01 -6.081415e-01 7.035687e-01
    outer loop
      vertex   -2.778834e+01 -1.631274e+01 2.000000e+01
      vertex   -2.750000e+01 -1.533013e+01 2.100000e+01
      vertex   -2.840839e+01 -1.593790e+01 2.000000e+01
    endloop
  endfacet
  facet normal -3.908841e-01 -5.849993e-01 7.106233e-01
    outer loop
      vertex   -2.840839e+01 -1.593790e+01 2.000000e+01
      vertex   -2.750000e+01 -1.533013e+01 2.100000e+01
      vertex   -2.804381e+01 -1.496677e+01 2.100000e+01
    endloop
  endfacet
  facet normal -4.384239e-01 -5.596067e-01 7.032957e-01
    outer loop
      vertex   -2.840839e+01 -1.593790e+01 2.000000e+01
      vertex   -2.804381e+01 -1.496677e+01 2.100000e+01
      vertex   -2.897874e+01 -1.549106e+01 2.000000e+01
    endloop
  endfacet
  facet normal -4.637567e-01 -5.288131e-01 7.108350e-01
    outer loop
      vertex   -2.897874e+01 -1.549106e+01 2.000000e+01
      vertex   -2.804381e+01 -1.496677e+01 2.100000e+01
      vertex   -2.853553e+01 -1.453553e+01 2.100000e+01
    endloop
  endfacet
  facet normal -5.027441e-01 -5.027441e-01 7.032046e-01
    outer loop
      vertex   -2.897874e+01 -1.549106e+01 2.000000e+01
      vertex   -2.853553e+01 -1.453553e+01 2.100000e+01
      vertex   -2.949106e+01 -1.497874e+01 2.000000e+01
    endloop
  endfacet
  facet normal -5.288131e-01 -4.637567e-01 7.108350e-01
    outer loop
      vertex   -2.949106e+01 -1.497874e+01 2.000000e+01
      vertex   -2.853553e+01 -1.453553e+01 2.100000e+01
      vertex   -2.896677e+01 -1.404381e+01 2.100000e+01
    endloop
  endfacet
  facet normal -5.596067e-01 -4.384239e-01 7.032957e-01
    outer loop
      vertex   -2.949106e+01 -1.497874e+01 2.000000e+01
      vertex   -2.896677e+01 -1.404381e+01 2.100000e+01
      vertex   -2.993790e+01 -1.440839e+01 2.000000e+01
    endloop
  endfacet
  facet normal -5.849993e-01 -3.908841e-01 7.106233e-01
    outer loop
      vertex   -2.993790e+01 -1.440839e+01 2.000000e+01
      vertex   -2.896677e+01 -1.404381e+01 2.100000e+01
      vertex   -2.933013e+01 -1.350000e+01 2.100000e+01
    endloop
  endfacet
  facet normal -6.081415e-01 -3.676343e-01 7.035687e-01
    outer loop
      vertex   -2.993790e+01 -1.440839e+01 2.000000e+01
      vertex   -2.933013e+01 -1.350000e+01 2.100000e+01
      vertex   -3.031274e+01 -1.378834e+01 2.000000e+01
    endloop
  endfacet
  facet normal -6.313991e-01 -3.113716e-01 7.101992e-01
    outer loop
      vertex   -3.031274e+01 -1.378834e+01 2.000000e+01
      vertex   -2.933013e+01 -1.350000e+01 2.100000e+01
      vertex   -2.961940e+01 -1.291342e+01 2.100000e+01
    endloop
  endfacet
  facet normal -6.476104e-01 -2.914658e-01 7.040230e-01
    outer loop
      vertex   -3.031274e+01 -1.378834e+01 2.000000e+01
      vertex   -2.961940e+01 -1.291342e+01 2.100000e+01
      vertex   -3.061010e+01 -1.312763e+01 2.000000e+01
    endloop
  endfacet
  facet normal -6.672481e-01 -2.265002e-01 7.095616e-01
    outer loop
      vertex   -3.061010e+01 -1.312763e+01 2.000000e+01
      vertex   -2.961940e+01 -1.291342e+01 2.100000e+01
      vertex   -2.982963e+01 -1.229410e+01 2.100000e+01
    endloop
  endfacet
  facet normal -6.774198e-01 -2.110926e-01 7.046576e-01
    outer loop
      vertex   -3.061010e+01 -1.312763e+01 2.000000e+01
      vertex   -2.982963e+01 -1.229410e+01 2.100000e+01
      vertex   -3.082565e+01 -1.243589e+01 2.000000e+01
    endloop
  endfacet
  facet normal -6.919450e-01 -1.376364e-01 7.087089e-01
    outer loop
      vertex   -3.082565e+01 -1.243589e+01 2.000000e+01
      vertex   -2.982963e+01 -1.229410e+01 2.100000e+01
      vertex   -2.995722e+01 -1.165263e+01 2.100000e+01
    endloop
  endfacet
  facet normal -6.971298e-01 -1.277538e-01 7.054708e-01
    outer loop
      vertex   -3.082565e+01 -1.243589e+01 2.000000e+01
      vertex   -2.995722e+01 -1.165263e+01 2.100000e+01
      vertex   -3.095625e+01 -1.172322e+01 2.000000e+01
    endloop
  endfacet
  facet normal -7.050615e-01 -4.621217e-02 7.076389e-01
    outer loop
      vertex   -3.095625e+01 -1.172322e+01 2.000000e+01
      vertex   -2.995722e+01 -1.165263e+01 2.100000e+01
      vertex   -3.000000e+01 -1.100000e+01 2.100000e+01
    endloop
  endfacet
  facet normal -7.064609e-01 -4.273301e-02 7.064609e-01
    outer loop
      vertex   -3.095625e+01 -1.172322e+01 2.000000e+01
      vertex   -3.000000e+01 -1.100000e+01 2.100000e+01
      vertex   -3.100000e+01 -1.100000e+01 2.000000e+01
    endloop
  endfacet
  facet normal 6.037850e-02 9.981756e-01 -0.000000e+00
    outer loop
      vertex   2.500000e+01 1.700000e+01 1.900000e+01
      vertex   2.500000e+01 1.700000e+01 2.000000e+01
      vertex   2.572322e+01 1.695625e+01 1.900000e+01
    endloop
  endfacet
  facet normal 6.037850e-02 9.981756e-01 -0.000000e+00
    outer loop
      vertex   2.572322e+01 1.695625e+01 1.900000e+01
      vertex   2.500000e+01 1.700000e+01 2.000000e+01
      vertex   2.572322e+01 1.695625e+01 2.000000e+01
    endloop
  endfacet
  facet normal 1.802550e-01 9.836199e-01 -0.000000e+00
    outer loop
      vertex   2.572322e+01 1.695625e+01 1.900000e+01
      vertex   2.572322e+01 1.695625e+01 2.000000e+01
      vertex   2.643589e+01 1.682565e+01 1.900000e+01
    endloop
  endfacet
  facet normal 1.802550e-01 9.836199e-01 6.403945e-16
    outer loop
      vertex   2.643589e+01 1.682565e+01 1.900000e+01
      vertex   2.572322e+01 1.695625e+01 2.000000e+01
      vertex   2.643589e+01 1.682565e+01 2.000000e+01
    endloop
  endfacet
  facet normal 2.975031e-01 9.547209e-01 1.056943e-15
    outer loop
      vertex   2.643589e+01 1.682565e+01 1.900000e+01
      vertex   2.643589e+01 1.682565e+01 2.000000e+01
      vertex   2.712763e+01 1.661010e+01 1.900000e+01
    endloop
  endfacet
  facet normal 2.975031e-01 9.547209e-01 2.113886e-15
    outer loop
      vertex   2.712763e+01 1.661010e+01 1.900000e+01
      vertex   2.643589e+01 1.682565e+01 2.000000e+01
      vertex   2.712763e+01 1.661010e+01 2.000000e+01
    endloop
  endfacet
  facet normal 4.104128e-01 9.118998e-01 2.916158e-15
    outer loop
      vertex   2.712763e+01 1.661010e+01 1.900000e+01
      vertex   2.712763e+01 1.661010e+01 2.000000e+01
      vertex   2.778834e+01 1.631274e+01 1.900000e+01
    endloop
  endfacet
  facet normal 4.104128e-01 9.118998e-01 -1.781640e-15
    outer loop
      vertex   2.778834e+01 1.631274e+01 1.900000e+01
      vertex   2.712763e+01 1.661010e+01 2.000000e+01
      vertex   2.778834e+01 1.631274e+01 2.000000e+01
    endloop
  endfacet
  facet normal 5.173378e-01 8.557813e-01 -1.202393e-15
    outer loop
      vertex   2.778834e+01 1.631274e+01 1.900000e+01
      vertex   2.778834e+01 1.631274e+01 2.000000e+01
      vertex   2.840839e+01 1.593790e+01 1.900000e+01
    endloop
  endfacet
  facet normal 5.173378e-01 8.557813e-01 -1.520173e-15
    outer loop
      vertex   2.840839e+01 1.593790e+01 1.900000e+01
      vertex   2.778834e+01 1.631274e+01 2.000000e+01
      vertex   2.840839e+01 1.593790e+01 2.000000e+01
    endloop
  endfacet
  facet normal 6.167189e-01 7.871835e-01 -1.398319e-15
    outer loop
      vertex   2.840839e+01 1.593790e+01 1.900000e+01
      vertex   2.840839e+01 1.593790e+01 2.000000e+01
      vertex   2.897874e+01 1.549106e+01 1.900000e+01
    endloop
  endfacet
  facet normal 6.167189e-01 7.871835e-01 -1.398319e-15
    outer loop
      vertex   2.897874e+01 1.549106e+01 1.900000e+01
      vertex   2.840839e+01 1.593790e+01 2.000000e+01
      vertex   2.897874e+01 1.549106e+01 2.000000e+01
    endloop
  endfacet
  facet normal 7.071068e-01 7.071068e-01 -1.256074e-15
    outer loop
      vertex   2.897874e+01 1.549106e+01 1.900000e+01
      vertex   2.897874e+01 1.549106e+01 2.000000e+01
      vertex   2.949106e+01 1.497874e+01 1.900000e+01
    endloop
  endfacet
  facet normal 7.071068e-01 7.071068e-01 5.024296e-15
    outer loop
      vertex   2.949106e+01 1.497874e+01 1.900000e+01
      vertex   2.897874e+01 1.549106e+01 2.000000e+01
      vertex   2.949106e+01 1.497874e+01 2.000000e+01
    endloop
  endfacet
  facet normal 7.871835e-01 6.167189e-01 5.593275e-15
    outer loop
      vertex   2.949106e+01 1.497874e+01 1.900000e+01
      vertex   2.949106e+01 1.497874e+01 2.000000e+01
      vertex   2.993790e+01 1.440839e+01 1.900000e+01
    endloop
  endfacet
  facet normal 7.871835e-01 6.167189e-01 -0.000000e+00
    outer loop
      vertex   2.993790e+01 1.440839e+01 1.900000e+01
      vertex   2.949106e+01 1.497874e+01 2.000000e+01
      vertex   2.993790e+01 1.440839e+01 2.000000e+01
    endloop
  endfacet
  facet normal 8.557813e-01 5.173378e-01 -0.000000e+00
    outer loop
      vertex   2.993790e+01 1.440839e+01 1.900000e+01
      vertex   2.993790e+01 1.440839e+01 2.000000e+01
      vertex   3.031274e+01 1.378834e+01 1.900000e+01
    endloop
  endfacet
  facet normal 8.557813e-01 5.173378e-01 -1.837953e-15
    outer loop
      vertex   3.031274e+01 1.378834e+01 1.900000e+01
      vertex   2.993790e+01 1.440839e+01 2.000000e+01
      vertex   3.031274e+01 1.378834e+01 2.000000e+01
    endloop
  endfacet
  facet normal 9.118998e-01 4.104128e-01 -1.458079e-15
    outer loop
      vertex   3.031274e+01 1.378834e+01 1.900000e+01
      vertex   3.031274e+01 1.378834e+01 2.000000e+01
      vertex   3.061010e+01 1.312763e+01 1.900000e+01
    endloop
  endfacet
  facet normal 9.118998e-01 4.104128e-01 -0.000000e+00
    outer loop
      vertex   3.061010e+01 1.312763e+01 1.900000e+01
      vertex   3.031274e+01 1.378834e+01 2.000000e+01
      vertex   3.061010e+01 1.312763e+01 2.000000e+01
    endloop
  endfacet
  facet normal 9.547209e-01 2.975031e-01 -0.000000e+00
    outer loop
      vertex   3.061010e+01 1.312763e+01 1.900000e+01
      vertex   3.061010e+01 1.312763e+01 2.000000e+01
      vertex   3.082565e+01 1.243589e+01 1.900000e+01
    endloop
  endfacet
  facet normal 9.547209e-01 2.975031e-01 -0.000000e+00
    outer loop
      vertex   3.082565e+01 1.243589e+01 1.900000e+01
      vertex   3.061010e+01 1.312763e+01 2.000000e+01
      vertex   3.082565e+01 1.243589e+01 2.000000e+01
    endloop
  endfacet
  facet normal 9.836199e-01 1.802550e-01 -0.000000e+00
    outer loop
      vertex   3.082565e+01 1.243589e+01 1.900000e+01
      vertex   3.082565e+01 1.243589e+01 2.000000e+01
      vertex   3.095625e+01 1.172322e+01 1.900000e+01
    endloop
  endfacet
  facet normal 9.836199e-01 1.802550e-01 -0.000000e+00
    outer loop
      vertex   3.095625e+01 1.172322e+01 1.900000e+01
      vertex   3.082565e+01 1.243589e+01 2.000000e+01
      vertex   3.095625e+01 1.172322e+01 2.000000e+01
    endloop
  endfacet
  facet normal 9.981756e-01 6.037850e-02 -0.000000e+00
    outer loop
      vertex   3.095625e+01 1.172322e+01 1.900000e+01
      vertex   3.095625e+01 1.172322e+01 2.000000e+01
      vertex   3.100000e+01 1.100000e+01 1.900000e+01
    endloop
  endfacet
  facet normal 9.981756e-01 6.037850e-02 -0.000000e+00
    outer loop
      vertex   3.100000e+01 1.100000e+01 1.900000e+01
      vertex   3.095625e+01 1.172322e+01 2.000000e+01
      vertex   3.100000e+01 1.100000e+01 2.000000e+01
    endloop
  endfacet
  facet normal 1.000000e+00 1.614870e-16 0.000000e+00
    outer loop
      vertex   3.100000e+01 1.100000e+01 2.000000e+01
      vertex   3.100000e+01 -1.100000e+01 2.000000e+01
      vertex   3.100000e+01 1.100000e+01 1.900000e+01
    endloop
  endfacet
  facet normal 1.000000e+00 1.614870e-16 0.000000e+00
    outer loop
      vertex   3.100000e+01 1.100000e+01 1.900000e+01
      vertex   3.100000e+01 -1.100000e+01 2.000000e+01
      vertex   3.100000e+01 -1.100000e+01 1.900000e+01
    endloop
  endfacet
  facet normal 9.981756e-01 -6.037850e-02 0.000000e+00
    outer loop
      vertex   3.100000e+01 -1.100000e+01 1.900000e+01
      vertex   3.100000e+01 -1.100000e+01 2.000000e+01
      vertex   3.095625e+01 -1.172322e+01 1.900000e+01
    endloop
  endfacet
  facet normal 9.981756e-01 -6.037850e-02 0.000000e+00
    outer loop
      vertex   3.095625e+01 -1.172322e+01 1.900000e+01
      vertex   3.100000e+01 -1.100000e+01 2.000000e+01
      vertex   3.095625e+01 -1.172322e+01 2.000000e+01
    endloop
  endfacet
  facet normal 9.836199e-01 -1.802550e-01 0.000000e+00
    outer loop
      vertex   3.095625e+01 -1.172322e+01 1.900000e+01
      vertex   3.095625e+01 -1.172322e+01 2.000000e+01
      vertex   3.082565e+01 -1.243589e+01 1.900000e+01
    endloop
  endfacet
  facet normal 9.836199e-01 -1.802550e-01 0.000000e+00
    outer loop
      vertex   3.082565e+01 -1.243589e+01 1.900000e+01
      vertex   3.095625e+01 -1.172322e+01 2.000000e+01
      vertex   3.082565e+01 -1.243589e+01 2.000000e+01
    endloop
  endfacet
  facet normal 9.547209e-01 -2.975031e-01 0.000000e+00
    outer loop
      vertex   3.082565e+01 -1.243589e+01 1.900000e+01
      vertex   3.082565e+01 -1.243589e+01 2.000000e+01
      vertex   3.061010e+01 -1.312763e+01 1.900000e+01
    endloop
  endfacet
  facet normal 9.547209e-01 -2.975031e-01 0.000000e+00
    outer loop
      vertex   3.061010e+01 -1.312763e+01 1.900000e+01
      vertex   3.082565e+01 -1.243589e+01 2.000000e+01
      vertex   3.061010e+01 -1.312763e+01 2.000000e+01
    endloop
  endfacet
  facet normal 9.118998e-01 -4.104128e-01 0.000000e+00
    outer loop
      vertex   3.061010e+01 -1.312763e+01 1.900000e+01
      vertex   3.061010e+01 -1.312763e+01 2.000000e+01
      vertex   3.031274e+01 -1.378834e+01 1.900000e+01
    endloop
  endfacet
  facet normal 9.118998e-01 -4.104128e-01 0.000000e+00
    outer loop
      vertex   3.031274e+01 -1.378834e+01 1.900000e+01
      vertex   3.061010e+01 -1.312763e+01 2.000000e+01
      vertex   3.031274e+01 -1.378834e+01 2.000000e+01
    endloop
  endfacet
  facet normal 8.557813e-01 -5.173378e-01 0.000000e+00
    outer loop
      vertex   3.031274e+01 -1.378834e+01 1.900000e+01
      vertex   3.031274e+01 -1.378834e+01 2.000000e+01
      vertex   2.993790e+01 -1.440839e+01 1.900000e+01
    endloop
  endfacet
  facet normal 8.557813e-01 -5.173378e-01 0.000000e+00
    outer loop
      vertex   2.993790e+01 -1.440839e+01 1.900000e+01
      vertex   3.031274e+01 -1.378834e+01 2.000000e+01
      vertex   2.993790e+01 -1.440839e+01 2.000000e+01
    endloop
  endfacet
  facet normal 7.871835e-01 -6.167189e-01 0.000000e+00
    outer loop
      vertex   2.993790e+01 -1.440839e+01 1.900000e+01
      vertex   2.993790e+01 -1.440839e+01 2.000000e+01
      vertex   2.949106e+01 -1.497874e+01 1.900000e+01
    endloop
  endfacet
  facet normal 7.871835e-01 -6.167189e-01 0.000000e+00
    outer loop
      vertex   2.949106e+01 -1.497874e+01 1.900000e+01
      vertex   2.993790e+01 -1.440839e+01 2.000000e+01
      vertex   2.949106e+01 -1.497874e+01 2.000000e+01
    endloop
  endfacet
  facet normal 7.071068e-01 -7.071068e-01 0.000000e+00
    outer loop
      vertex   2.949106e+01 -1.497874e+01 1.900000e+01
      vertex   2.949106e+01 -1.497874e+01 2.000000e+01
      vertex   2.897874e+01 -1.549106e+01 1.900000e+01
    endloop
  endfacet
  facet normal 7.071068e-01 -7.071068e-01 0.000000e+00
    outer loop
      vertex   2.897874e+01 -1.549106e+01 1.900000e+01
      vertex   2.949106e+01 -1.497874e+01 2.000000e+01
      vertex   2.897874e+01 -1.549106e+01 2.000000e+01
    endloop
  endfacet
  facet normal 6.167189e-01 -7.871835e-01 0.000000e+00
    outer loop
      vertex   2.897874e+01 -1.549106e+01 1.900000e+01
      vertex   2.897874e+01 -1.549106e+01 2.000000e+01
      vertex   2.840839e+01 -1.593790e+01 1.900000e+01
    endloop
  endfacet
  facet normal 6.167189e-01 -7.871835e-01 0.000000e+00
    outer loop
      vertex   2.840839e+01 -1.593790e+01 1.900000e+01
      vertex   2.897874e+01 -1.549106e+01 2.000000e+01
      vertex   2.840839e+01 -1.593790e+01 2.000000e+01
    endloop
  endfacet
  facet normal 5.173378e-01 -8.557813e-01 0.000000e+00
    outer loop
      vertex   2.840839e+01 -1.593790e+01 1.900000e+01
      vertex   2.840839e+01 -1.593790e+01 2.000000e+01
      vertex   2.778834e+01 -1.631274e+01 1.900000e+01
    endloop
  endfacet
  facet normal 5.173378e-01 -8.557813e-01 0.000000e+00
    outer loop
      vertex   2.778834e+01 -1.631274e+01 1.900000e+01
      vertex   2.840839e+01 -1.593790e+01 2.000000e+01
      vertex   2.778834e+01 -1.631274e+01 2.000000e+01
    endloop
  endfacet
  facet normal 4.104128e-01 -9.118998e-01 0.000000e+00
    outer loop
      vertex   2.778834e+01 -1.631274e+01 1.900000e+01
      vertex   2.778834e+01 -1.631274e+01 2.000000e+01
      vertex   2.712763e+01 -1.661010e+01 1.900000e+01
    endloop
  endfacet
  facet normal 4.104128e-01 -9.118998e-01 0.000000e+00
    outer loop
      vertex   2.712763e+01 -1.661010e+01 1.900000e+01
      vertex   2.778834e+01 -1.631274e+01 2.000000e+01
      vertex   2.712763e+01 -1.661010e+01 2.000000e+01
    endloop
  endfacet
  facet normal 2.975031e-01 -9.547209e-01 0.000000e+00
    outer loop
      vertex   2.712763e+01 -1.661010e+01 1.900000e+01
      vertex   2.712763e+01 -1.661010e+01 2.000000e+01
      vertex   2.643589e+01 -1.682565e+01 1.900000e+01
    endloop
  endfacet
  facet normal 2.975031e-01 -9.547209e-01 0.000000e+00
    outer loop
      vertex   2.643589e+01 -1.682565e+01 1.900000e+01
      vertex   2.712763e+01 -1.661010e+01 2.000000e+01
      vertex   2.643589e+01 -1.682565e+01 2.000000e+01
    endloop
  endfacet
  facet normal 1.802550e-01 -9.836199e-01 0.000000e+00
    outer loop
      vertex   2.643589e+01 -1.682565e+01 1.900000e+01
      vertex   2.643589e+01 -1.682565e+01 2.000000e+01
      vertex   2.572322e+01 -1.695625e+01 1.900000e+01
    endloop
  endfacet
  facet normal 1.802550e-01 -9.836199e-01 0.000000e+00
    outer loop
      vertex   2.572322e+01 -1.695625e+01 1.900000e+01
      vertex   2.643589e+01 -1.682565e+01 2.000000e+01
      vertex   2.572322e+01 -1.695625e+01 2.000000e+01
    endloop
  endfacet
  facet normal 6.037850e-02 -9.981756e-01 0.000000e+00
    outer loop
      vertex   2.572322e+01 -1.695625e+01 1.900000e+01
      vertex   2.572322e+01 -1.695625e+01 2.000000e+01
      vertex   2.500000e+01 -1.700000e+01 1.900000e+01
    endloop
  endfacet
  facet normal 6.037850e-02 -9.981756e-01 0.000000e+00
    outer loop
      vertex   2.500000e+01 -1.700000e+01 1.900000e+01
      vertex   2.572322e+01 -1.695625e+01 2.000000e+01
      vertex   2.500000e+01 -1.700000e+01 2.000000e+01
    endloop
  endfacet
  facet normal -1.421085e-16 -1.000000e+00 -0.000000e+00
    outer loop
      vertex   2.500000e+01 -1.700000e+01 2.000000e+01
      vertex   -2.500000e+01 -1.700000e+01 2.000000e+01
      vertex   2.500000e+01 -1.700000e+01 1.900000e+01
    endloop
  endfacet
  facet normal -1.421085e-16 -1.000000e+00 0.000000e+00
    outer loop
      vertex   2.500000e+01 -1.700000e+01 1.900000e+01
      vertex   -2.500000e+01 -1.700000e+01 2.000000e+01
      vertex   -2.500000e+01 -1.700000e+01 1.900000e+01
    endloop
  endfacet
  facet normal 0.000000e+00 0.000000e+00 1.000000e+00
    outer loop
      vertex   2.500000e+01 -1.600000e+01 2.100000e+01
      vertex   -3.000000e+01 -1.100000e+01 2.100000e+01
      vertex   -2.500000e+01 -1.600000e+01 2.100000e+01
    endloop
  endfacet
  facet normal 0.000000e+00 0.000000e+00 1.000000e+00
    outer loop
      vertex   -2.500000e+01 -1.600000e+01 2.100000e+01
      vertex   -3.000000e+01 -1.100000e+01 2.100000e+01
      vertex   -2.995722e+01 -1.165263e+01 2.100000e+01
    endloop
  endfacet
  facet normal 0.000000e+00 0.000000e+00 1.000000e+00
    outer loop
      vertex   -2.500000e+01 -1.600000e+01 2.100000e+01
      vertex   -2.995722e+01 -1.165263e+01 2.100000e+01
      vertex   -2.982963e+01 -1.229410e+01 2.100000e+01
    endloop
  endfacet
  facet normal 0.000000e+00 -0.000000e+00 1.000000e+00
    outer loop
      vertex   2.565263e+01 -1.595722e+01 2.100000e+01
      vertex   2.629410e+01 -1.582963e+01 2.100000e+01
      vertex   2.500000e+01 -1.600000e+01 2.100000e+01
    endloop
  endfacet
  facet normal 0.000000e+00 0.000000e+00 1.000000e+00
    outer loop
      vertex   2.500000e+01 -1.600000e+01 2.100000e+01
      vertex   2.629410e+01 -1.582963e+01 2.100000e+01
      vertex   2.691342e+01 -1.561940e+01 2.100000e+01
    endloop
  endfacet
  facet normal 0.000000e+00 0.000000e+00 1.000000e+00
    outer loop
      vertex   2.500000e+01 -1.600000e+01 2.100000e+01
      vertex   2.691342e+01 -1.561940e+01 2.100000e+01
      vertex   2.750000e+01 -1.533013e+01 2.100000e+01
    endloop
  endfacet
  facet normal 0.000000e+00 -0.000000e+00 1.000000e+00
    outer loop
      vertex   2.750000e+01 -1.533013e+01 2.100000e+01
      vertex   2.804381e+01 -1.496677e+01 2.100000e+01
      vertex   2.500000e+01 -1.600000e+01 2.100000e+01
    endloop
  endfacet
  facet normal 0.000000e+00 0.000000e+00 1.000000e+00
    outer loop
      vertex   2.500000e+01 -1.600000e+01 2.100000e+01
      vertex   2.804381e+01 -1.496677e+01 2.100000e+01
      vertex   2.853553e+01 -1.453553e+01 2.100000e+01
    endloop
  endfacet
  facet normal 0.000000e+00 0.000000e+00 1.000000e+00
    outer loop
      vertex   2.500000e+01 -1.600000e+01 2.100000e+01
      vertex   2.853553e+01 -1.453553e+01 2.100000e+01
      vertex   2.896677e+01 -1.404381e+01 2.100000e+01
    endloop
  endfacet
  facet normal 0.000000e+00 -0.000000e+00 1.000000e+00
    outer loop
      vertex   2.896677e+01 -1.404381e+01 2.100000e+01
      vertex   2.933013e+01 -1.350000e+01 2.100000e+01
      vertex   2.500000e+01 -1.600000e+01 2.100000e+01
    endloop
  endfacet
  facet normal 0.000000e+00 0.000000e+00 1.000000e+00
    outer loop
      vertex   2.500000e+01 -1.600000e+01 2.100000e+01
      vertex   2.933013e+01 -1.350000e+01 2.100000e+01
      vertex   2.961940e+01 -1.291342e+01 2.100000e+01
    endloop
  endfacet
  facet normal 0.000000e+00 0.000000e+00 1.000000e+00
    outer loop
      vertex   2.500000e+01 -1.600000e+01 2.100000e+01
      vertex   2.961940e+01 -1.291342e+01 2.100000e+01
      vertex   2.982963e+01 -1.229410e+01 2.100000e+01
    endloop
  endfacet
  facet normal 0.000000e+00 -0.000000e+00 1.000000e+00
    outer loop
      vertex   2.982963e+01 -1.229410e+01 2.100000e+01
      vertex   2.995722e+01 -1.165263e+01 2.100000e+01
      vertex   2.500000e+01 -1.600000e+01 2.100000e+01
    endloop
  endfacet
  facet normal 0.000000e+00 0.000000e+00 1.000000e+00
    outer loop
      vertex   2.500000e+01 -1.600000e+01 2.100000e+01
      vertex   2.995722e+01 -1.165263e+01 2.100000e+01
      vertex   3.000000e+01 -1.100000e+01 2.100000e+01
    endloop
  endfacet
  facet normal 0.000000e+00 -0.000000e+00 1.000000e+00
    outer loop
      vertex   2.500000e+01 -1.600000e+01 2.100000e+01
      vertex   3.000000e+01 -1.100000e+01 2.100000e+01
      vertex   -3.000000e+01 -1.100000e+01 2.100000e+01
    endloop
  endfacet
  facet normal 0.000000e+00 -0.000000e+00 1.000000e+00
    outer loop
      vertex   -3.000000e+01 -1.100000e+01 2.100000e+01
      vertex   3.000000e+01 -1.100000e+01 2.100000e+01
      vertex   -3.000000e+01 1.100000e+01 2.100000e+01
    endloop
  endfacet
  facet normal -0.000000e+00 0.000000e+00 1.000000e+00
    outer loop
      vertex   -3.000000e+01 1.100000e+01 2.100000e+01
      vertex   3.000000e+01 -1.100000e+01 2.100000e+01
      vertex   3.000000e+01 1.100000e+01 2.100000e+01
    endloop
  endfacet
  facet normal 0.000000e+00 0.000000e+00 1.000000e+00
    outer loop
      vertex   -3.000000e+01 1.100000e+01 2.100000e+01
      vertex   3.000000e+01 1.100000e+01 2.100000e+01
      vertex   -2.500000e+01 1.600000e+01 2.100000e+01
    endloop
  endfacet
  facet normal 0.000000e+00 0.000000e+00 1.000000e+00
    outer loop
      vertex   -2.500000e+01 1.600000e+01 2.100000e+01
      vertex   3.000000e+01 1.100000e+01 2.100000e+01
      vertex   2.565263e+01 1.595722e+01 2.100000e+01
    endloop
  endfacet
  facet normal -0.000000e+00 0.000000e+00 1.000000e+00
    outer loop
      vertex   -2.500000e+01 1.600000e+01 2.100000e+01
      vertex   2.565263e+01 1.595722e+01 2.100000e+01
      vertex   2.500000e+01 1.600000e+01 2.100000e+01
    endloop
  endfacet
  facet normal 0.000000e+00 0.000000e+00 1.000000e+00
    outer loop
      vertex   3.000000e+01 1.100000e+01 2.100000e+01
      vertex   2.995722e+01 1.165263e+01 2.100000e+01
      vertex   2.565263e+01 1.595722e+01 2.100000e+01
    endloop
  endfacet
  facet normal 0.000000e+00 0.000000e+00 1.000000e+00
    outer loop
      vertex   2.565263e+01 1.595722e+01 2.100000e+01
      vertex   2.995722e+01 1.165263e+01 2.100000e+01
      vertex   2.982963e+01 1.229410e+01 2.100000e+01
    endloop
  endfacet
  facet normal 0.000000e+00 0.000000e+00 1.000000e+00
    outer loop
      vertex   2.565263e+01 1.595722e+01 2.100000e+01
      vertex   2.982963e+01 1.229410e+01 2.100000e+01
      vertex   2.961940e+01 1.291342e+01 2.100000e+01
    endloop
  endfacet
  facet normal 0.000000e+00 0.000000e+00 1.000000e+00
    outer loop
      vertex   2.961940e+01 1.291342e+01 2.100000e+01
      vertex   2.933013e+01 1.350000e+01 2.100000e+01
      vertex   2.565263e+01 1.595722e+01 2.100000e+01
    endloop
  endfacet
  facet normal 0.000000e+00 0.000000e+00 1.000000e+00
    outer loop
      vertex   2.565263e+01 1.595722e+01 2.100000e+01
      vertex   2.933013e+01 1.350000e+01 2.100000e+01
      vertex   2.896677e+01 1.404381e+01 2.100000e+01
    endloop
  endfacet
  facet normal 0.000000e+00 0.000000e+00 1.000000e+00
    outer loop
      vertex   2.565263e+01 1.595722e+01 2.100000e+01
      vertex   2.896677e+01 1.404381e+01 2.100000e+01
      vertex   2.853553e+01 1.453553e+01 2.100000e+01
    endloop
  endfacet
  facet normal 0.000000e+00 0.000000e+00 1.000000e+00
    outer loop
      vertex   2.853553e+01 1.453553e+01 2.100000e+01
      vertex   2.804381e+01 1.496677e+01 2.100000e+01
      vertex   2.565263e+01 1.595722e+01 2.100000e+01
    endloop
  endfacet
  facet normal 0.000000e+00 0.000000e+00 1.000000e+00
    outer loop
      vertex   2.565263e+01 1.595722e+01 2.100000e+01
      vertex   2.804381e+01 1.496677e+01 2.100000e+01
      vertex   2.750000e+01 1.533013e+01 2.100000e+01
    endloop
  endfacet
  facet normal 0.000000e+00 0.000000e+00 1.000000e+00
    outer loop
      vertex   2.565263e+01 1.595722e+01 2.100000e+01
      vertex   2.750000e+01 1.533013e+01 2.100000e+01
      vertex   2.691342e+01 1.561940e+01 2.100000e+01
    endloop
  endfacet
  facet normal 0.000000e+00 0.000000e+00 1.000000e+00
    outer loop
      vertex   2.691342e+01 1.561940e+01 2.100000e+01
      vertex   2.629410e+01 1.582963e+01 2.100000e+01
      vertex   2.565263e+01 1.595722e+01 2.100000e+01
    endloop
  endfacet
  facet normal -0.000000e+00 0.000000e+00 1.000000e+00
    outer loop
      vertex   -2.565263e+01 1.595722e+01 2.100000e+01
      vertex   -2.629410e+01 1.582963e+01 2.100000e+01
      vertex   -2.500000e+01 1.600000e+01 2.100000e+01
    endloop
  endfacet
  facet normal 0.000000e+00 0.000000e+00 1.000000e+00
    outer loop
      vertex   -2.500000e+01 1.600000e+01 2.100000e+01
      vertex   -2.629410e+01 1.582963e+01 2.100000e+01
      vertex   -2.691342e+01 1.561940e+01 2.100000e+01
    endloop
  endfacet
  facet normal 0.000000e+00 0.000000e+00 1.000000e+00
    outer loop
      vertex   -2.500000e+01 1.600000e+01 2.100000e+01
      vertex   -2.691342e+01 1.561940e+01 2.100000e+01
      vertex   -2.750000e+01 1.533013e+01 2.100000e+01
    endloop
  endfacet
  facet normal -0.000000e+00 0.000000e+00 1.000000e+00
    outer loop
      vertex   -2.750000e+01 1.533013e+01 2.100000e+01
      vertex   -2.804381e+01 1.496677e+01 2.100000e+01
      vertex   -2.500000e+01 1.600000e+01 2.100000e+01
    endloop
  endfacet
  facet normal 0.000000e+00 0.000000e+00 1.000000e+00
    outer loop
      vertex   -2.500000e+01 1.600000e+01 2.100000e+01
      vertex   -2.804381e+01 1.496677e+01 2.100000e+01
      vertex   -2.853553e+01 1.453553e+01 2.100000e+01
    endloop
  endfacet
  facet normal 0.000000e+00 0.000000e+00 1.000000e+00
    outer loop
      vertex   -2.500000e+01 1.600000e+01 2.100000e+01
      vertex   -2.853553e+01 1.453553e+01 2.100000e+01
      vertex   -2.896677e+01 1.404381e+01 2.100000e+01
    endloop
  endfacet
  facet normal -0.000000e+00 0.000000e+00 1.000000e+00
    outer loop
      vertex   -2.896677e+01 1.404381e+01 2.100000e+01
      vertex   -2.933013e+01 1.350000e+01 2.100000e+01
      vertex   -2.500000e+01 1.600000e+01 2.100000e+01
    endloop
  endfacet
  facet normal 0.000000e+00 0.000000e+00 1.000000e+00
    outer loop
      vertex   -2.500000e+01 1.600000e+01 2.100000e+01
      vertex   -2.933013e+01 1.350000e+01 2.100000e+01
      vertex   -2.961940e+01 1.291342e+01 2.100000e+01
    endloop
  endfacet
  facet normal 0.000000e+00 0.000000e+00 1.000000e+00
    outer loop
      vertex   -2.500000e+01 1.600000e+01 2.100000e+01
      vertex   -2.961940e+01 1.291342e+01 2.100000e+01
      vertex   -2.982963e+01 1.229410e+01 2.100000e+01
    endloop
  endfacet
  facet normal -0.000000e+00 0.000000e+00 1.000000e+00
    outer loop
      vertex   -2.982963e+01 1.229410e+01 2.100000e+01
      vertex   -2.995722e+01 1.165263e+01 2.100000e+01
      vertex   -2.500000e+01 1.600000e+01 2.100000e+01
    endloop
  endfacet
  facet normal 0.000000e+00 0.000000e+00 1.000000e+00
    outer loop
      vertex   -2.500000e+01 1.600000e+01 2.100000e+01
      vertex   -2.995722e+01 1.165263e+01 2.100000e+01
      vertex   -3.000000e+01 1.100000e+01 2.100000e+01
    endloop
  endfacet
  facet normal 0.000000e+00 0.000000e+00 1.000000e+00
    outer loop
      vertex   -2.982963e+01 -1.229410e+01 2.100000e+01
      vertex   -2.961940e+01 -1.291342e+01 2.100000e+01
      vertex   -2.500000e+01 -1.600000e+01 2.100000e+01
    endloop
  endfacet
  facet normal 0.000000e+00 0.000000e+00 1.000000e+00
    outer loop
      vertex   -2.500000e+01 -1.600000e+01 2.100000e+01
      vertex   -2.961940e+01 -1.291342e+01 2.100000e+01
      vertex   -2.933013e+01 -1.350000e+01 2.100000e+01
    endloop
  endfacet
  facet normal 0.000000e+00 0.000000e+00 1.000000e+00
    outer loop
      vertex   -2.500000e+01 -1.600000e+01 2.100000e+01
      vertex   -2.933013e+01 -1.350000e+01 2.100000e+01
      vertex   -2.896677e+01 -1.404381e+01 2.100000e+01
    endloop
  endfacet
  facet normal 0.000000e+00 0.000000e+00 1.000000e+00
    outer loop
      vertex   -2.896677e+01 -1.404381e+01 2.100000e+01
      vertex   -2.853553e+01 -1.453553e+01 2.100000e+01
      vertex   -2.500000e+01 -1.600000e+01 2.100000e+01
    endloop
  endfacet
  facet normal 0.000000e+00 0.000000e+00 1.000000e+00
    outer loop
      vertex   -2.500000e+01 -1.600000e+01 2.100000e+01
      vertex   -2.853553e+01 -1.453553e+01 2.100000e+01
      vertex   -2.804381e+01 -1.496677e+01 2.100000e+01
    endloop
  endfacet
  facet normal 0.000000e+00 0.000000e+00 1.000000e+00
    outer loop
      vertex   -2.500000e+01 -1.600000e+01 2.100000e+01
      vertex   -2.804381e+01 -1.496677e+01 2.100000e+01
      vertex   -2.750000e+01 -1.533013e+01 2.100000e+01
    endloop
  endfacet
  facet normal 0.000000e+00 0.000000e+00 1.000000e+00
    outer loop
      vertex   -2.750000e+01 -1.533013e+01 2.100000e+01
      vertex   -2.691342e+01 -1.561940e+01 2.100000e+01
      vertex   -2.500000e+01 -1.600000e+01 2.100000e+01
    endloop
  endfacet
  facet normal 0.000000e+00 0.000000e+00 1.000000e+00
    outer loop
      vertex   -2.500000e+01 -1.600000e+01 2.100000e+01
      vertex   -2.691342e+01 -1.561940e+01 2.100000e+01
      vertex   -2.629410e+01 -1.582963e+01 2.100000e+01
    endloop
  endfacet
  facet normal 0.000000e+00 0.000000e+00 1.000000e+00
    outer loop
      vertex   -2.500000e+01 -1.600000e+01 2.100000e+01
      vertex   -2.629410e+01 -1.582963e+01 2.100000e+01
      vertex   -2.565263e+01 -1.595722e+01 2.100000e+01
    endloop
  endfacet
  facet normal -1.000000e+00 0.000000e+00 0.000000e+00
    outer loop
      vertex   2.475000e+01 -1.075000e+01 1.900000e+01
      vertex   2.475000e+01 1.075000e+01 1.900000e+01
      vertex   2.475000e+01 -1.075000e+01 1.700000e+01
    endloop
  endfacet
  facet normal -1.000000e+00 0.000000e+00 0.000000e+00
    outer loop
      vertex   2.475000e+01 -1.075000e+01 1.700000e+01
      vertex   2.475000e+01 1.075000e+01 1.900000e+01
      vertex   2.475000e+01 1.075000e+01 1.700000e+01
    endloop
  endfacet
  facet normal 3.588600e-17 1.000000e+00 1.776357e-15
    outer loop
      vertex   -2.475000e+01 -1.075000e+01 1.900000e+01
      vertex   2.475000e+01 -1.075000e+01 1.900000e+01
      vertex   -2.475000e+01 -1.075000e+01 1.700000e+01
    endloop
  endfacet
  facet normal 1.076580e-16 1.000000e+00 0.000000e+00
    outer loop
      vertex   -2.475000e+01 -1.075000e+01 1.700000e+01
      vertex   2.475000e+01 -1.075000e+01 1.900000e+01
      vertex   2.475000e+01 -1.075000e+01 1.700000e+01
    endloop
  endfacet
  facet normal 1.000000e+00 4.957275e-16 0.000000e+00
    outer loop
      vertex   -2.475000e+01 1.075000e+01 1.900000e+01
      vertex   -2.475000e+01 -1.075000e+01 1.900000e+01
      vertex   -2.475000e+01 1.075000e+01 1.700000e+01
    endloop
  endfacet
  facet normal 1.000000e+00 4.957275e-16 1.174119e-30
    outer loop
      vertex   -2.475000e+01 1.075000e+01 1.700000e+01
      vertex   -2.475000e+01 -1.075000e+01 1.900000e+01
      vertex   -2.475000e+01 -1.075000e+01 1.700000e+01
    endloop
  endfacet
  facet normal 3.588600e-17 -1.000000e+00 0.000000e+00
    outer loop
      vertex   2.475000e+01 1.075000e+01 1.900000e+01
      vertex   -2.475000e+01 1.075000e+01 1.900000e+01
      vertex   2.475000e+01 1.075000e+01 1.700000e+01
    endloop
  endfacet
  facet normal 3.588600e-17 -1.000000e+00 0.000000e+00
    outer loop
      vertex   2.475000e+01 1.075000e+01 1.700000e+01
      vertex   -2.475000e+01 1.075000e+01 1.900000e+01
      vertex   -2.475000e+01 1.075000e+01 1.700000e+01
    endloop
  endfacet
  facet normal 1.119645e-01 9.937122e-01 -0.000000e+00
    outer loop
      vertex   2.500000e+01 1.275000e+01 1.700000e+01
      vertex   2.500000e+01 1.275000e+01 1.900000e+01
      vertex   2.538941e+01 1.270612e+01 1.700000e+01
    endloop
  endfacet
  facet normal 1.119645e-01 9.937122e-01 -0.000000e+00
    outer loop
      vertex   2.538941e+01 1.270612e+01 1.700000e+01
      vertex   2.500000e+01 1.275000e+01 1.900000e+01
      vertex   2.538941e+01 1.270612e+01 1.900000e+01
    endloop
  endfacet
  facet normal 3.302791e-01 9.438833e-01 -0.000000e+00
    outer loop
      vertex   2.538941e+01 1.270612e+01 1.700000e+01
      vertex   2.538941e+01 1.270612e+01 1.900000e+01
      vertex   2.575930e+01 1.257670e+01 1.700000e+01
    endloop
  endfacet
  facet normal 3.302791e-01 9.438833e-01 -0.000000e+00
    outer loop
      vertex   2.575930e+01 1.257670e+01 1.700000e+01
      vertex   2.538941e+01 1.270612e+01 1.900000e+01
      vertex   2.575930e+01 1.257670e+01 1.900000e+01
    endloop
  endfacet
  facet normal 5.320321e-01 8.467242e-01 -0.000000e+00
    outer loop
      vertex   2.575930e+01 1.257670e+01 1.700000e+01
      vertex   2.575930e+01 1.257670e+01 1.900000e+01
      vertex   2.609111e+01 1.236821e+01 1.700000e+01
    endloop
  endfacet
  facet normal 5.320321e-01 8.467242e-01 -0.000000e+00
    outer loop
      vertex   2.609111e+01 1.236821e+01 1.700000e+01
      vertex   2.575930e+01 1.257670e+01 1.900000e+01
      vertex   2.609111e+01 1.236821e+01 1.900000e+01
    endloop
  endfacet
  facet normal 7.071068e-01 7.071068e-01 -0.000000e+00
    outer loop
      vertex   2.609111e+01 1.236821e+01 1.700000e+01
      vertex   2.609111e+01 1.236821e+01 1.900000e+01
      vertex   2.636821e+01 1.209111e+01 1.700000e+01
    endloop
  endfacet
  facet normal 7.071068e-01 7.071068e-01 -0.000000e+00
    outer loop
      vertex   2.636821e+01 1.209111e+01 1.700000e+01
      vertex   2.609111e+01 1.236821e+01 1.900000e+01
      vertex   2.636821e+01 1.209111e+01 1.900000e+01
    endloop
  endfacet
  facet normal 8.467242e-01 5.320321e-01 -0.000000e+00
    outer loop
      vertex   2.636821e+01 1.209111e+01 1.700000e+01
      vertex   2.636821e+01 1.209111e+01 1.900000e+01
      vertex   2.657670e+01 1.175930e+01 1.700000e+01
    endloop
  endfacet
  facet normal 8.467242e-01 5.320321e-01 -0.000000e+00
    outer loop
      vertex   2.657670e+01 1.175930e+01 1.700000e+01
      vertex   2.636821e+01 1.209111e+01 1.900000e+01
      vertex   2.657670e+01 1.175930e+01 1.900000e+01
    endloop
  endfacet
  facet normal 9.438833e-01 3.302791e-01 -0.000000e+00
    outer loop
      vertex   2.657670e+01 1.175930e+01 1.700000e+01
      vertex   2.657670e+01 1.175930e+01 1.900000e+01
      vertex   2.670612e+01 1.138941e+01 1.700000e+01
    endloop
  endfacet
  facet normal 9.438833e-01 3.302791e-01 -0.000000e+00
    outer loop
      vertex   2.670612e+01 1.138941e+01 1.700000e+01
      vertex   2.657670e+01 1.175930e+01 1.900000e+01
      vertex   2.670612e+01 1.138941e+01 1.900000e+01
    endloop
  endfacet
  facet normal 9.937122e-01 1.119645e-01 -0.000000e+00
    outer loop
      vertex   2.670612e+01 1.138941e+01 1.700000e+01
      vertex   2.670612e+01 1.138941e+01 1.900000e+01
      vertex   2.675000e+01 1.100000e+01 1.700000e+01
    endloop
  endfacet
  facet normal 9.937122e-01 1.119645e-01 -0.000000e+00
    outer loop
      vertex   2.675000e+01 1.100000e+01 1.700000e+01
      vertex   2.670612e+01 1.138941e+01 1.900000e+01
      vertex   2.675000e+01 1.100000e+01 1.900000e+01
    endloop
  endfacet
  facet normal -7.105427e-17 1.000000e+00 -2.524355e-31
    outer loop
      vertex   -2.500000e+01 1.275000e+01 1.900000e+01
      vertex   2.500000e+01 1.275000e+01 1.900000e+01
      vertex   -2.500000e+01 1.275000e+01 1.700000e+01
    endloop
  endfacet
  facet normal -7.105427e-17 1.000000e+00 0.000000e+00
    outer loop
      vertex   -2.500000e+01 1.275000e+01 1.700000e+01
      vertex   2.500000e+01 1.275000e+01 1.900000e+01
      vertex   2.500000e+01 1.275000e+01 1.700000e+01
    endloop
  endfacet
  facet normal -9.937122e-01 1.119645e-01 0.000000e+00
    outer loop
      vertex   -2.675000e+01 1.100000e+01 1.700000e+01
      vertex   -2.675000e+01 1.100000e+01 1.900000e+01
      vertex   -2.670612e+01 1.138941e+01 1.700000e+01
    endloop
  endfacet
  facet normal -9.937122e-01 1.119645e-01 0.000000e+00
    outer loop
      vertex   -2.670612e+01 1.138941e+01 1.700000e+01
      vertex   -2.675000e+01 1.100000e+01 1.900000e+01
      vertex   -2.670612e+01 1.138941e+01 1.900000e+01
    endloop
  endfacet
  facet normal -9.438833e-01 3.302791e-01 0.000000e+00
    outer loop
      vertex   -2.670612e+01 1.138941e+01 1.700000e+01
      vertex   -2.670612e+01 1.138941e+01 1.900000e+01
      vertex   -2.657670e+01 1.175930e+01 1.700000e+01
    endloop
  endfacet
  facet normal -9.438833e-01 3.302791e-01 0.000000e+00
    outer loop
      vertex   -2.657670e+01 1.175930e+01 1.700000e+01
      vertex   -2.670612e+01 1.138941e+01 1.900000e+01
      vertex   -2.657670e+01 1.175930e+01 1.900000e+01
    endloop
  endfacet
  facet normal -8.467242e-01 5.320321e-01 0.000000e+00
    outer loop
      vertex   -2.657670e+01 1.175930e+01 1.700000e+01
      vertex   -2.657670e+01 1.175930e+01 1.900000e+01
      vertex   -2.636821e+01 1.209111e+01 1.700000e+01
    endloop
  endfacet
  facet normal -8.467242e-01 5.320321e-01 0.000000e+00
    outer loop
      vertex   -2.636821e+01 1.209111e+01 1.700000e+01
      vertex   -2.657670e+01 1.175930e+01 1.900000e+01
      vertex   -2.636821e+01 1.209111e+01 1.900000e+01
    endloop
  endfacet
  facet normal -7.071068e-01 7.071068e-01 0.000000e+00
    outer loop
      vertex   -2.636821e+01 1.209111e+01 1.700000e+01
      vertex   -2.636821e+01 1.209111e+01 1.900000e+01
      vertex   -2.609111e+01 1.236821e+01 1.700000e+01
    endloop
  endfacet
  facet normal -7.071068e-01 7.071068e-01 0.000000e+00
    outer loop
      vertex   -2.609111e+01 1.236821e+01 1.700000e+01
      vertex   -2.636821e+01 1.209111e+01 1.900000e+01
      vertex   -2.609111e+01 1.236821e+01 1.900000e+01
    endloop
  endfacet
  facet normal -5.320321e-01 8.467242e-01 0.000000e+00
    outer loop
      vertex   -2.609111e+01 1.236821e+01 1.700000e+01
      vertex   -2.609111e+01 1.236821e+01 1.900000e+01
      vertex   -2.575930e+01 1.257670e+01 1.700000e+01
    endloop
  endfacet
  facet normal -5.320321e-01 8.467242e-01 0.000000e+00
    outer loop
      vertex   -2.575930e+01 1.257670e+01 1.700000e+01
      vertex   -2.609111e+01 1.236821e+01 1.900000e+01
      vertex   -2.575930e+01 1.257670e+01 1.900000e+01
    endloop
  endfacet
  facet normal -3.302791e-01 9.438833e-01 0.000000e+00
    outer loop
      vertex   -2.575930e+01 1.257670e+01 1.700000e+01
      vertex   -2.575930e+01 1.257670e+01 1.900000e+01
      vertex   -2.538941e+01 1.270612e+01 1.700000e+01
    endloop
  endfacet
  facet normal -3.302791e-01 9.438833e-01 0.000000e+00
    outer loop
      vertex   -2.538941e+01 1.270612e+01 1.700000e+01
      vertex   -2.575930e+01 1.257670e+01 1.900000e+01
      vertex   -2.538941e+01 1.270612e+01 1.900000e+01
    endloop
  endfacet
  facet normal -1.119645e-01 9.937122e-01 0.000000e+00
    outer loop
      vertex   -2.538941e+01 1.270612e+01 1.700000e+01
      vertex   -2.538941e+01 1.270612e+01 1.900000e+01
      vertex   -2.500000e+01 1.275000e+01 1.700000e+01
    endloop
  endfacet
  facet normal -1.119645e-01 9.937122e-01 -3.977777e-16
    outer loop
      vertex   -2.500000e+01 1.275000e+01 1.700000e+01
      vertex   -2.538941e+01 1.270612e+01 1.900000e+01
      vertex   -2.500000e+01 1.275000e+01 1.900000e+01
    endloop
  endfacet
  facet normal -1.000000e+00 -1.614870e-16 1.776357e-15
    outer loop
      vertex   -2.675000e+01 -1.100000e+01 1.900000e+01
      vertex   -2.675000e+01 1.100000e+01 1.900000e+01
      vertex   -2.675000e+01 -1.100000e+01 1.700000e+01
    endloop
  endfacet
  facet normal -1.000000e+00 0.000000e+00 0.000000e+00
    outer loop
      vertex   -2.675000e+01 -1.100000e+01 1.700000e+01
      vertex   -2.675000e+01 1.100000e+01 1.900000e+01
      vertex   -2.675000e+01 1.100000e+01 1.700000e+01
    endloop
  endfacet
  facet normal -1.119645e-01 -9.937122e-01 1.988889e-16
    outer loop
      vertex   -2.500000e+01 -1.275000e+01 1.700000e+01
      vertex   -2.500000e+01 -1.275000e+01 1.900000e+01
      vertex   -2.538941e+01 -1.270612e+01 1.700000e+01
    endloop
  endfacet
  facet normal -1.119645e-01 -9.937122e-01 0.000000e+00
    outer loop
      vertex   -2.538941e+01 -1.270612e+01 1.700000e+01
      vertex   -2.500000e+01 -1.275000e+01 1.900000e+01
      vertex   -2.538941e+01 -1.270612e+01 1.900000e+01
    endloop
  endfacet
  facet normal -3.302791e-01 -9.438833e-01 0.000000e+00
    outer loop
      vertex   -2.538941e+01 -1.270612e+01 1.700000e+01
      vertex   -2.538941e+01 -1.270612e+01 1.900000e+01
      vertex   -2.575930e+01 -1.257670e+01 1.700000e+01
    endloop
  endfacet
  facet normal -3.302791e-01 -9.438833e-01 0.000000e+00
    outer loop
      vertex   -2.575930e+01 -1.257670e+01 1.700000e+01
      vertex   -2.538941e+01 -1.270612e+01 1.900000e+01
      vertex   -2.575930e+01 -1.257670e+01 1.900000e+01
    endloop
  endfacet
  facet normal -5.320321e-01 -8.467242e-01 0.000000e+00
    outer loop
      vertex   -2.575930e+01 -1.257670e+01 1.700000e+01
      vertex   -2.575930e+01 -1.257670e+01 1.900000e+01
      vertex   -2.609111e+01 -1.236821e+01 1.700000e+01
    endloop
  endfacet
  facet normal -5.320321e-01 -8.467242e-01 0.000000e+00
    outer loop
      vertex   -2.609111e+01 -1.236821e+01 1.700000e+01
      vertex   -2.575930e+01 -1.257670e+01 1.900000e+01
      vertex   -2.609111e+01 -1.236821e+01 1.900000e+01
    endloop
  endfacet
  facet normal -7.071068e-01 -7.071068e-01 0.000000e+00
    outer loop
      vertex   -2.609111e+01 -1.236821e+01 1.700000e+01
      vertex   -2.609111e+01 -1.236821e+01 1.900000e+01
      vertex   -2.636821e+01 -1.209111e+01 1.700000e+01
    endloop
  endfacet
  facet normal -7.071068e-01 -7.071068e-01 0.000000e+00
    outer loop
      vertex   -2.636821e+01 -1.209111e+01 1.700000e+01
      vertex   -2.609111e+01 -1.236821e+01 1.900000e+01
      vertex   -2.636821e+01 -1.209111e+01 1.900000e+01
    endloop
  endfacet
  facet normal -8.467242e-01 -5.320321e-01 0.000000e+00
    outer loop
      vertex   -2.636821e+01 -1.209111e+01 1.700000e+01
      vertex   -2.636821e+01 -1.209111e+01 1.900000e+01
      vertex   -2.657670e+01 -1.175930e+01 1.700000e+01
    endloop
  endfacet
  facet normal -8.467242e-01 -5.320321e-01 0.000000e+00
    outer loop
      vertex   -2.657670e+01 -1.175930e+01 1.700000e+01
      vertex   -2.636821e+01 -1.209111e+01 1.900000e+01
      vertex   -2.657670e+01 -1.175930e+01 1.900000e+01
    endloop
  endfacet
  facet normal -9.438833e-01 -3.302791e-01 0.000000e+00
    outer loop
      vertex   -2.657670e+01 -1.175930e+01 1.700000e+01
      vertex   -2.657670e+01 -1.175930e+01 1.900000e+01
      vertex   -2.670612e+01 -1.138941e+01 1.700000e+01
    endloop
  endfacet
  facet normal -9.438833e-01 -3.302791e-01 0.000000e+00
    outer loop
      vertex   -2.670612e+01 -1.138941e+01 1.700000e+01
      vertex   -2.657670e+01 -1.175930e+01 1.900000e+01
      vertex   -2.670612e+01 -1.138941e+01 1.900000e+01
    endloop
  endfacet
  facet normal -9.937122e-01 -1.119645e-01 0.000000e+00
    outer loop
      vertex   -2.670612e+01 -1.138941e+01 1.700000e+01
      vertex   -2.670612e+01 -1.138941e+01 1.900000e+01
      vertex   -2.675000e+01 -1.100000e+01 1.700000e+01
    endloop
  endfacet
  facet normal -9.937122e-01 -1.119645e-01 1.765187e-15
    outer loop
      vertex   -2.675000e+01 -1.100000e+01 1.700000e+01
      vertex   -2.670612e+01 -1.138941e+01 1.900000e+01
      vertex   -2.675000e+01 -1.100000e+01 1.900000e+01
    endloop
  endfacet
  facet normal -3.552714e-17 -1.000000e+00 -8.881784e-16
    outer loop
      vertex   2.500000e+01 -1.275000e+01 1.900000e+01
      vertex   -2.500000e+01 -1.275000e+01 1.900000e+01
      vertex   2.500000e+01 -1.275000e+01 1.700000e+01
    endloop
  endfacet
  facet normal 0.000000e+00 -1.000000e+00 0.000000e+00
    outer loop
      vertex   2.500000e+01 -1.275000e+01 1.700000e+01
      vertex   -2.500000e+01 -1.275000e+01 1.900000e+01
      vertex   -2.500000e+01 -1.275000e+01 1.700000e+01
    endloop
  endfacet
  facet normal 9.937122e-01 -1.119645e-01 0.000000e+00
    outer loop
      vertex   2.675000e+01 -1.100000e+01 1.700000e+01
      vertex   2.675000e+01 -1.100000e+01 1.900000e+01
      vertex   2.670612e+01 -1.138941e+01 1.700000e+01
    endloop
  endfacet
  facet normal 9.937122e-01 -1.119645e-01 0.000000e+00
    outer loop
      vertex   2.670612e+01 -1.138941e+01 1.700000e+01
      vertex   2.675000e+01 -1.100000e+01 1.900000e+01
      vertex   2.670612e+01 -1.138941e+01 1.900000e+01
    endloop
  endfacet
  facet normal 9.438833e-01 -3.302791e-01 0.000000e+00
    outer loop
      vertex   2.670612e+01 -1.138941e+01 1.700000e+01
      vertex   2.670612e+01 -1.138941e+01 1.900000e+01
      vertex   2.657670e+01 -1.175930e+01 1.700000e+01
    endloop
  endfacet
  facet normal 9.438833e-01 -3.302791e-01 1.383327e-15
    outer loop
      vertex   2.657670e+01 -1.175930e+01 1.700000e+01
      vertex   2.670612e+01 -1.138941e+01 1.900000e+01
      vertex   2.657670e+01 -1.175930e+01 1.900000e+01
    endloop
  endfacet
  facet normal 8.467242e-01 -5.320321e-01 1.031545e-15
    outer loop
      vertex   2.657670e+01 -1.175930e+01 1.700000e+01
      vertex   2.657670e+01 -1.175930e+01 1.900000e+01
      vertex   2.636821e+01 -1.209111e+01 1.700000e+01
    endloop
  endfacet
  facet normal 8.467242e-01 -5.320321e-01 2.535629e-15
    outer loop
      vertex   2.636821e+01 -1.209111e+01 1.700000e+01
      vertex   2.657670e+01 -1.175930e+01 1.900000e+01
      vertex   2.636821e+01 -1.209111e+01 1.900000e+01
    endloop
  endfacet
  facet normal 7.071068e-01 -7.071068e-01 1.884111e-15
    outer loop
      vertex   2.636821e+01 -1.209111e+01 1.700000e+01
      vertex   2.636821e+01 -1.209111e+01 1.900000e+01
      vertex   2.609111e+01 -1.236821e+01 1.700000e+01
    endloop
  endfacet
  facet normal 7.071068e-01 -7.071068e-01 0.000000e+00
    outer loop
      vertex   2.609111e+01 -1.236821e+01 1.700000e+01
      vertex   2.636821e+01 -1.209111e+01 1.900000e+01
      vertex   2.609111e+01 -1.236821e+01 1.900000e+01
    endloop
  endfacet
  facet normal 5.320321e-01 -8.467242e-01 0.000000e+00
    outer loop
      vertex   2.609111e+01 -1.236821e+01 1.700000e+01
      vertex   2.609111e+01 -1.236821e+01 1.900000e+01
      vertex   2.575930e+01 -1.257670e+01 1.700000e+01
    endloop
  endfacet
  facet normal 5.320321e-01 -8.467242e-01 -1.504084e-15
    outer loop
      vertex   2.575930e+01 -1.257670e+01 1.700000e+01
      vertex   2.609111e+01 -1.236821e+01 1.900000e+01
      vertex   2.575930e+01 -1.257670e+01 1.900000e+01
    endloop
  endfacet
  facet normal 3.302791e-01 -9.438833e-01 -1.676674e-15
    outer loop
      vertex   2.575930e+01 -1.257670e+01 1.700000e+01
      vertex   2.575930e+01 -1.257670e+01 1.900000e+01
      vertex   2.538941e+01 -1.270612e+01 1.700000e+01
    endloop
  endfacet
  facet normal 3.302791e-01 -9.438833e-01 -1.089980e-15
    outer loop
      vertex   2.538941e+01 -1.270612e+01 1.700000e+01
      vertex   2.575930e+01 -1.257670e+01 1.900000e+01
      vertex   2.538941e+01 -1.270612e+01 1.900000e+01
    endloop
  endfacet
  facet normal 1.119645e-01 -9.937122e-01 -1.566299e-15
    outer loop
      vertex   2.538941e+01 -1.270612e+01 1.700000e+01
      vertex   2.538941e+01 -1.270612e+01 1.900000e+01
      vertex   2.500000e+01 -1.275000e+01 1.700000e+01
    endloop
  endfacet
  facet normal 1.119645e-01 -9.937122e-01 -8.825937e-16
    outer loop
      vertex   2.500000e+01 -1.275000e+01 1.700000e+01
      vertex   2.538941e+01 -1.270612e+01 1.900000e+01
      vertex   2.500000e+01 -1.275000e+01 1.900000e+01
    endloop
  endfacet
  facet normal 1.000000e+00 0.000000e+00 0.000000e+00
    outer loop
      vertex   2.675000e+01 1.100000e+01 1.900000e+01
      vertex   2.675000e+01 -1.100000e+01 1.900000e+01
      vertex   2.675000e+01 1.100000e+01 1.700000e+01
    endloop
  endfacet
  facet normal 1.000000e+00 0.000000e+00 0.000000e+00
    outer loop
      vertex   2.675000e+01 1.100000e+01 1.700000e+01
      vertex   2.675000e+01 -1.100000e+01 1.900000e+01
      vertex   2.675000e+01 -1.100000e+01 1.700000e+01
    endloop
  endfacet
  facet normal 0.000000e+00 0.000000e+00 -1.000000e+00
    outer loop
      vertex   -2.475000e+01 1.075000e+01 1.700000e+01
      vertex   2.500000e+01 1.275000e+01 1.700000e+01
      vertex   2.475000e+01 1.075000e+01 1.700000e+01
    endloop
  endfacet
  facet normal 0.000000e+00 0.000000e+00 -1.000000e+00
    outer loop
      vertex   2.475000e+01 1.075000e+01 1.700000e+01
      vertex   2.500000e+01 1.275000e+01 1.700000e+01
      vertex   2.609111e+01 1.236821e+01 1.700000e+01
    endloop
  endfacet
  facet normal 0.000000e+00 0.000000e+00 -1.000000e+00
    outer loop
      vertex   2.475000e+01 1.075000e+01 1.700000e+01
      vertex   2.609111e+01 1.236821e+01 1.700000e+01
      vertex   2.636821e+01 1.209111e+01 1.700000e+01
    endloop
  endfacet
  facet normal 0.000000e+00 0.000000e+00 -1.000000e+00
    outer loop
      vertex   -2.475000e+01 -1.075000e+01 1.700000e+01
      vertex   -2.675000e+01 1.100000e+01 1.700000e+01
      vertex   -2.475000e+01 1.075000e+01 1.700000e+01
    endloop
  endfacet
  facet normal 0.000000e+00 0.000000e+00 -1.000000e+00
    outer loop
      vertex   -2.475000e+01 1.075000e+01 1.700000e+01
      vertex   -2.675000e+01 1.100000e+01 1.700000e+01
      vertex   -2.670612e+01 1.138941e+01 1.700000e+01
    endloop
  endfacet
  facet normal 0.000000e+00 0.000000e+00 -1.000000e+00
    outer loop
      vertex   -2.475000e+01 1.075000e+01 1.700000e+01
      vertex   -2.670612e+01 1.138941e+01 1.700000e+01
      vertex   -2.657670e+01 1.175930e+01 1.700000e+01
    endloop
  endfacet
  facet normal -0.000000e+00 0.000000e+00 -1.000000e+00
    outer loop
      vertex   2.475000e+01 -1.075000e+01 1.700000e+01
      vertex   -2.500000e+01 -1.275000e+01 1.700000e+01
      vertex   -2.475000e+01 -1.075000e+01 1.700000e+01
    endloop
  endfacet
  facet normal 0.000000e+00 0.000000e+00 -1.000000e+00
    outer loop
      vertex   -2.475000e+01 -1.075000e+01 1.700000e+01
      vertex   -2.500000e+01 -1.275000e+01 1.700000e+01
      vertex   -2.609111e+01 -1.236821e+01 1.700000e+01
    endloop
  endfacet
  facet normal 0.000000e+00 0.000000e+00 -1.000000e+00
    outer loop
      vertex   -2.475000e+01 -1.075000e+01 1.700000e+01
      vertex   -2.609111e+01 -1.236821e+01 1.700000e+01
      vertex   -2.636821e+01 -1.209111e+01 1.700000e+01
    endloop
  endfacet
  facet normal 0.000000e+00 0.000000e+00 -1.000000e+00
    outer loop
      vertex   2.475000e+01 1.075000e+01 1.700000e+01
      vertex   2.675000e+01 1.100000e+01 1.700000e+01
      vertex   2.475000e+01 -1.075000e+01 1.700000e+01
    endloop
  endfacet
  facet normal 0.000000e+00 0.000000e+00 -1.000000e+00
    outer loop
      vertex   2.475000e+01 -1.075000e+01 1.700000e+01
      vertex   2.675000e+01 1.100000e+01 1.700000e+01
      vertex   2.675000e+01 -1.100000e+01 1.700000e+01
    endloop
  endfacet
  facet normal 0.000000e+00 0.000000e+00 -1.000000e+00
    outer loop
      vertex   2.475000e+01 -1.075000e+01 1.700000e+01
      vertex   2.675000e+01 -1.100000e+01 1.700000e+01
      vertex   2.670612e+01 -1.138941e+01 1.700000e+01
    endloop
  endfacet
  facet normal -0.000000e+00 0.000000e+00 -1.000000e+00
    outer loop
      vertex   2.670612e+01 -1.138941e+01 1.700000e+01
      vertex   2.657670e+01 -1.175930e+01 1.700000e+01
      vertex   2.475000e+01 -1.075000e+01 1.700000e+01
    endloop
  endfacet
  facet normal 0.000000e+00 0.000000e+00 -1.000000e+00
    outer loop
      vertex   2.475000e+01 -1.075000e+01 1.700000e+01
      vertex   2.657670e+01 -1.175930e+01 1.700000e+01
      vertex   2.636821e+01 -1.209111e+01 1.700000e+01
    endloop
  endfacet
  facet normal 0.000000e+00 0.000000e+00 -1.000000e+00
    outer loop
      vertex   2.475000e+01 -1.075000e+01 1.700000e+01
      vertex   2.636821e+01 -1.209111e+01 1.700000e+01
      vertex   2.609111e+01 -1.236821e+01 1.700000e+01
    endloop
  endfacet
  facet normal 0.000000e+00 0.000000e+00 -1.000000e+00
    outer loop
      vertex   2.475000e+01 -1.075000e+01 1.700000e+01
      vertex   2.609111e+01 -1.236821e+01 1.700000e+01
      vertex   2.500000e+01 -1.275000e+01 1.700000e+01
    endloop
  endfacet
  facet normal 0.000000e+00 0.000000e+00 -1.000000e+00
    outer loop
      vertex   2.500000e+01 -1.275000e+01 1.700000e+01
      vertex   2.609111e+01 -1.236821e+01 1.700000e+01
      vertex   2.575930e+01 -1.257670e+01 1.700000e+01
    endloop
  endfacet
  facet normal 0.000000e+00 0.000000e+00 -1.000000e+00
    outer loop
      vertex   2.500000e+01 -1.275000e+01 1.700000e+01
      vertex   2.575930e+01 -1.257670e+01 1.700000e+01
      vertex   2.538941e+01 -1.270612e+01 1.700000e+01
    endloop
  endfacet
  facet normal 0.000000e+00 0.000000e+00 -1.000000e+00
    outer loop
      vertex   2.500000e+01 -1.275000e+01 1.700000e+01
      vertex   -2.500000e+01 -1.275000e+01 1.700000e+01
      vertex   2.475000e+01 -1.075000e+01 1.700000e+01
    endloop
  endfacet
  facet normal 0.000000e+00 0.000000e+00 -1.000000e+00
    outer loop
      vertex   -2.538941e+01 -1.270612e+01 1.700000e+01
      vertex   -2.575930e+01 -1.257670e+01 1.700000e+01
      vertex   -2.500000e+01 -1.275000e+01 1.700000e+01
    endloop
  endfacet
  facet normal 0.000000e+00 0.000000e+00 -1.000000e+00
    outer loop
      vertex   -2.500000e+01 -1.275000e+01 1.700000e+01
      vertex   -2.575930e+01 -1.257670e+01 1.700000e+01
      vertex   -2.609111e+01 -1.236821e+01 1.700000e+01
    endloop
  endfacet
  facet normal 0.000000e+00 0.000000e+00 -1.000000e+00
    outer loop
      vertex   -2.636821e+01 -1.209111e+01 1.700000e+01
      vertex   -2.657670e+01 -1.175930e+01 1.700000e+01
      vertex   -2.475000e+01 -1.075000e+01 1.700000e+01
    endloop
  endfacet
  facet normal 0.000000e+00 0.000000e+00 -1.000000e+00
    outer loop
      vertex   -2.475000e+01 -1.075000e+01 1.700000e+01
      vertex   -2.657670e+01 -1.175930e+01 1.700000e+01
      vertex   -2.670612e+01 -1.138941e+01 1.700000e+01
    endloop
  endfacet
  facet normal 0.000000e+00 0.000000e+00 -1.000000e+00
    outer loop
      vertex   -2.475000e+01 -1.075000e+01 1.700000e+01
      vertex   -2.670612e+01 -1.138941e+01 1.700000e+01
      vertex   -2.675000e+01 -1.100000e+01 1.700000e+01
    endloop
  endfacet
  facet normal 0.000000e+00 0.000000e+00 -1.000000e+00
    outer loop
      vertex   -2.675000e+01 -1.100000e+01 1.700000e+01
      vertex   -2.675000e+01 1.100000e+01 1.700000e+01
      vertex   -2.475000e+01 -1.075000e+01 1.700000e+01
    endloop
  endfacet
  facet normal 0.000000e+00 0.000000e+00 -1.000000e+00
    outer loop
      vertex   -2.657670e+01 1.175930e+01 1.700000e+01
      vertex   -2.636821e+01 1.209111e+01 1.700000e+01
      vertex   -2.475000e+01 1.075000e+01 1.700000e+01
    endloop
  endfacet
  facet normal 0.000000e+00 0.000000e+00 -1.000000e+00
    outer loop
      vertex   -2.475000e+01 1.075000e+01 1.700000e+01
      vertex   -2.636821e+01 1.209111e+01 1.700000e+01
      vertex   -2.609111e+01 1.236821e+01 1.700000e+01
    endloop
  endfacet
  facet normal 0.000000e+00 0.000000e+00 -1.000000e+00
    outer loop
      vertex   -2.475000e+01 1.075000e+01 1.700000e+01
      vertex   -2.609111e+01 1.236821e+01 1.700000e+01
      vertex   -2.500000e+01 1.275000e+01 1.700000e+01
    endloop
  endfacet
  facet normal 0.000000e+00 0.000000e+00 -1.000000e+00
    outer loop
      vertex   -2.500000e+01 1.275000e+01 1.700000e+01
      vertex   -2.609111e+01 1.236821e+01 1.700000e+01
      vertex   -2.575930e+01 1.257670e+01 1.700000e+01
    endloop
  endfacet
  facet normal 0.000000e+00 0.000000e+00 -1.000000e+00
    outer loop
      vertex   -2.500000e+01 1.275000e+01 1.700000e+01
      vertex   -2.575930e+01 1.257670e+01 1.700000e+01
      vertex   -2.538941e+01 1.270612e+01 1.700000e+01
    endloop
  endfacet
  facet normal 0.000000e+00 0.000000e+00 -1.000000e+00
    outer loop
      vertex   -2.500000e+01 1.275000e+01 1.700000e+01
      vertex   2.500000e+01 1.275000e+01 1.700000e+01
      vertex   -2.475000e+01 1.075000e+01 1.700000e+01
    endloop
  endfacet
  facet normal -0.000000e+00 -0.000000e+00 -1.000000e+00
    outer loop
      vertex   2.538941e+01 1.270612e+01 1.700000e+01
      vertex   2.575930e+01 1.257670e+01 1.700000e+01
      vertex   2.500000e+01 1.275000e+01 1.700000e+01
    endloop
  endfacet
  facet normal 0.000000e+00 0.000000e+00 -1.000000e+00
    outer loop
      vertex   2.500000e+01 1.275000e+01 1.700000e+01
      vertex   2.575930e+01 1.257670e+01 1.700000e+01
      vertex   2.609111e+01 1.236821e+01 1.700000e+01
    endloop
  endfacet
  facet normal 0.000000e+00 -0.000000e+00 -1.000000e+00
    outer loop
      vertex   2.636821e+01 1.209111e+01 1.700000e+01
      vertex   2.657670e+01 1.175930e+01 1.700000e+01
      vertex   2.475000e+01 1.075000e+01 1.700000e+01
    endloop
  endfacet
  facet normal 0.000000e+00 0.000000e+00 -1.000000e+00
    outer loop
      vertex   2.475000e+01 1.075000e+01 1.700000e+01
      vertex   2.657670e+01 1.175930e+01 1.700000e+01
      vertex   2.670612e+01 1.138941e+01 1.700000e+01
    endloop
  endfacet
  facet normal 0.000000e+00 0.000000e+00 -1.000000e+00
    outer loop
      vertex   2.475000e+01 1.075000e+01 1.700000e+01
      vertex   2.670612e+01 1.138941e+01 1.700000e+01
      vertex   2.675000e+01 1.100000e+01 1.700000e+01
    endloop
  endfacet
  facet normal 0.000000e+00 0.000000e+00 -1.000000e+00
    outer loop
      vertex   2.475000e+01 -1.075000e+01 1.900000e+01
      vertex   -2.475000e+01 -1.075000e+01 1.900000e+01
      vertex   2.475000e+01 1.075000e+01 1.900000e+01
    endloop
  endfacet
  facet normal 0.000000e+00 0.000000e+00 -1.000000e+00
    outer loop
      vertex   2.475000e+01 1.075000e+01 1.900000e+01
      vertex   -2.475000e+01 -1.075000e+01 1.900000e+01
      vertex   -2.475000e+01 1.075000e+01 1.900000e+01
    endloop
  endfacet
  facet normal 7.105427e-17 -1.000000e+00 0.000000e+00
    outer loop
      vertex   2.500000e+01 1.420000e+01 1.900000e+01
      vertex   -2.500000e+01 1.420000e+01 1.900000e+01
      vertex   2.500000e+01 1.420000e+01 1.610000e+01
    endloop
  endfacet
  facet normal 7.105427e-17 -1.000000e+00 0.000000e+00
    outer loop
      vertex   2.500000e+01 1.420000e+01 1.610000e+01
      vertex   -2.500000e+01 1.420000e+01 1.900000e+01
      vertex   -2.500000e+01 1.420000e+01 1.610000e+01
    endloop
  endfacet
  facet normal -9.969173e-01 -7.845910e-02 0.000000e+00
    outer loop
      vertex   2.820000e+01 1.100000e+01 1.610000e+01
      vertex   2.820000e+01 1.100000e+01 1.900000e+01
      vertex   2.816060e+01 1.150059e+01 1.610000e+01
    endloop
  endfacet
  facet normal -9.969173e-01 -7.845910e-02 0.000000e+00
    outer loop
      vertex   2.816060e+01 1.150059e+01 1.610000e+01
      vertex   2.820000e+01 1.100000e+01 1.900000e+01
      vertex   2.816060e+01 1.150059e+01 1.900000e+01
    endloop
  endfacet
  facet normal -9.723699e-01 -2.334454e-01 0.000000e+00
    outer loop
      vertex   2.816060e+01 1.150059e+01 1.610000e+01
      vertex   2.816060e+01 1.150059e+01 1.900000e+01
      vertex   2.804338e+01 1.198885e+01 1.610000e+01
    endloop
  endfacet
  facet normal -9.723699e-01 -2.334454e-01 0.000000e+00
    outer loop
      vertex   2.804338e+01 1.198885e+01 1.610000e+01
      vertex   2.816060e+01 1.150059e+01 1.900000e+01
      vertex   2.804338e+01 1.198885e+01 1.900000e+01
    endloop
  endfacet
  facet normal -9.238795e-01 -3.826834e-01 0.000000e+00
    outer loop
      vertex   2.804338e+01 1.198885e+01 1.610000e+01
      vertex   2.804338e+01 1.198885e+01 1.900000e+01
      vertex   2.785122e+01 1.245277e+01 1.610000e+01
    endloop
  endfacet
  facet normal -9.238795e-01 -3.826834e-01 0.000000e+00
    outer loop
      vertex   2.785122e+01 1.245277e+01 1.610000e+01
      vertex   2.804338e+01 1.198885e+01 1.900000e+01
      vertex   2.785122e+01 1.245277e+01 1.900000e+01
    endloop
  endfacet
  facet normal -8.526402e-01 -5.224986e-01 0.000000e+00
    outer loop
      vertex   2.785122e+01 1.245277e+01 1.610000e+01
      vertex   2.785122e+01 1.245277e+01 1.900000e+01
      vertex   2.758885e+01 1.288091e+01 1.610000e+01
    endloop
  endfacet
  facet normal -8.526402e-01 -5.224986e-01 0.000000e+00
    outer loop
      vertex   2.758885e+01 1.288091e+01 1.610000e+01
      vertex   2.785122e+01 1.245277e+01 1.900000e+01
      vertex   2.758885e+01 1.288091e+01 1.900000e+01
    endloop
  endfacet
  facet normal -7.604060e-01 -6.494480e-01 0.000000e+00
    outer loop
      vertex   2.758885e+01 1.288091e+01 1.610000e+01
      vertex   2.758885e+01 1.288091e+01 1.900000e+01
      vertex   2.726274e+01 1.326274e+01 1.610000e+01
    endloop
  endfacet
  facet normal -7.604060e-01 -6.494480e-01 0.000000e+00
    outer loop
      vertex   2.726274e+01 1.326274e+01 1.610000e+01
      vertex   2.758885e+01 1.288091e+01 1.900000e+01
      vertex   2.726274e+01 1.326274e+01 1.900000e+01
    endloop
  endfacet
  facet normal -6.494480e-01 -7.604060e-01 0.000000e+00
    outer loop
      vertex   2.726274e+01 1.326274e+01 1.610000e+01
      vertex   2.726274e+01 1.326274e+01 1.900000e+01
      vertex   2.688091e+01 1.358885e+01 1.610000e+01
    endloop
  endfacet
  facet normal -6.494480e-01 -7.604060e-01 0.000000e+00
    outer loop
      vertex   2.688091e+01 1.358885e+01 1.610000e+01
      vertex   2.726274e+01 1.326274e+01 1.900000e+01
      vertex   2.688091e+01 1.358885e+01 1.900000e+01
    endloop
  endfacet
  facet normal -5.224986e-01 -8.526402e-01 0.000000e+00
    outer loop
      vertex   2.688091e+01 1.358885e+01 1.610000e+01
      vertex   2.688091e+01 1.358885e+01 1.900000e+01
      vertex   2.645277e+01 1.385122e+01 1.610000e+01
    endloop
  endfacet
  facet normal -5.224986e-01 -8.526402e-01 0.000000e+00
    outer loop
      vertex   2.645277e+01 1.385122e+01 1.610000e+01
      vertex   2.688091e+01 1.358885e+01 1.900000e+01
      vertex   2.645277e+01 1.385122e+01 1.900000e+01
    endloop
  endfacet
  facet normal -3.826834e-01 -9.238795e-01 0.000000e+00
    outer loop
      vertex   2.645277e+01 1.385122e+01 1.610000e+01
      vertex   2.645277e+01 1.385122e+01 1.900000e+01
      vertex   2.598885e+01 1.404338e+01 1.610000e+01
    endloop
  endfacet
  facet normal -3.826834e-01 -9.238795e-01 0.000000e+00
    outer loop
      vertex   2.598885e+01 1.404338e+01 1.610000e+01
      vertex   2.645277e+01 1.385122e+01 1.900000e+01
      vertex   2.598885e+01 1.404338e+01 1.900000e+01
    endloop
  endfacet
  facet normal -2.334454e-01 -9.723699e-01 0.000000e+00
    outer loop
      vertex   2.598885e+01 1.404338e+01 1.610000e+01
      vertex   2.598885e+01 1.404338e+01 1.900000e+01
      vertex   2.550059e+01 1.416060e+01 1.610000e+01
    endloop
  endfacet
  facet normal -2.334454e-01 -9.723699e-01 0.000000e+00
    outer loop
      vertex   2.550059e+01 1.416060e+01 1.610000e+01
      vertex   2.598885e+01 1.404338e+01 1.900000e+01
      vertex   2.550059e+01 1.416060e+01 1.900000e+01
    endloop
  endfacet
  facet normal -7.845910e-02 -9.969173e-01 0.000000e+00
    outer loop
      vertex   2.550059e+01 1.416060e+01 1.610000e+01
      vertex   2.550059e+01 1.416060e+01 1.900000e+01
      vertex   2.500000e+01 1.420000e+01 1.610000e+01
    endloop
  endfacet
  facet normal -7.845910e-02 -9.969173e-01 0.000000e+00
    outer loop
      vertex   2.500000e+01 1.420000e+01 1.610000e+01
      vertex   2.550059e+01 1.416060e+01 1.900000e+01
      vertex   2.500000e+01 1.420000e+01 1.900000e+01
    endloop
  endfacet
  facet normal -1.000000e+00 0.000000e+00 0.000000e+00
    outer loop
      vertex   2.820000e+01 -1.100000e+01 1.900000e+01
      vertex   2.820000e+01 1.100000e+01 1.900000e+01
      vertex   2.820000e+01 -1.100000e+01 1.610000e+01
    endloop
  endfacet
  facet normal -1.000000e+00 0.000000e+00 0.000000e+00
    outer loop
      vertex   2.820000e+01 -1.100000e+01 1.610000e+01
      vertex   2.820000e+01 1.100000e+01 1.900000e+01
      vertex   2.820000e+01 1.100000e+01 1.610000e+01
    endloop
  endfacet
  facet normal -7.845910e-02 9.969173e-01 -6.106486e-16
    outer loop
      vertex   2.500000e+01 -1.420000e+01 1.610000e+01
      vertex   2.500000e+01 -1.420000e+01 1.900000e+01
      vertex   2.550059e+01 -1.416060e+01 1.610000e+01
    endloop
  endfacet
  facet normal -7.845910e-02 9.969173e-01 0.000000e+00
    outer loop
      vertex   2.550059e+01 -1.416060e+01 1.610000e+01
      vertex   2.500000e+01 -1.420000e+01 1.900000e+01
      vertex   2.550059e+01 -1.416060e+01 1.900000e+01
    endloop
  endfacet
  facet normal -2.334454e-01 9.723699e-01 0.000000e+00
    outer loop
      vertex   2.550059e+01 -1.416060e+01 1.610000e+01
      vertex   2.550059e+01 -1.416060e+01 1.900000e+01
      vertex   2.598885e+01 -1.404338e+01 1.610000e+01
    endloop
  endfacet
  facet normal -2.334454e-01 9.723699e-01 2.859878e-16
    outer loop
      vertex   2.598885e+01 -1.404338e+01 1.610000e+01
      vertex   2.550059e+01 -1.416060e+01 1.900000e+01
      vertex   2.598885e+01 -1.404338e+01 1.900000e+01
    endloop
  endfacet
  facet normal -3.826834e-01 9.238795e-01 4.688154e-16
    outer loop
      vertex   2.598885e+01 -1.404338e+01 1.610000e+01
      vertex   2.598885e+01 -1.404338e+01 1.900000e+01
      vertex   2.645277e+01 -1.385122e+01 1.610000e+01
    endloop
  endfacet
  facet normal -3.826834e-01 9.238795e-01 0.000000e+00
    outer loop
      vertex   2.645277e+01 -1.385122e+01 1.610000e+01
      vertex   2.598885e+01 -1.404338e+01 1.900000e+01
      vertex   2.645277e+01 -1.385122e+01 1.900000e+01
    endloop
  endfacet
  facet normal -5.224986e-01 8.526402e-01 0.000000e+00
    outer loop
      vertex   2.645277e+01 -1.385122e+01 1.610000e+01
      vertex   2.645277e+01 -1.385122e+01 1.900000e+01
      vertex   2.688091e+01 -1.358885e+01 1.610000e+01
    endloop
  endfacet
  facet normal -5.224986e-01 8.526402e-01 -5.222735e-16
    outer loop
      vertex   2.688091e+01 -1.358885e+01 1.610000e+01
      vertex   2.645277e+01 -1.385122e+01 1.900000e+01
      vertex   2.688091e+01 -1.358885e+01 1.900000e+01
    endloop
  endfacet
  facet normal -6.494480e-01 7.604060e-01 -4.657767e-16
    outer loop
      vertex   2.688091e+01 -1.358885e+01 1.610000e+01
      vertex   2.688091e+01 -1.358885e+01 1.900000e+01
      vertex   2.726274e+01 -1.326274e+01 1.610000e+01
    endloop
  endfacet
  facet normal -6.494480e-01 7.604060e-01 0.000000e+00
    outer loop
      vertex   2.726274e+01 -1.326274e+01 1.610000e+01
      vertex   2.688091e+01 -1.358885e+01 1.900000e+01
      vertex   2.726274e+01 -1.326274e+01 1.900000e+01
    endloop
  endfacet
  facet normal -7.604060e-01 6.494480e-01 0.000000e+00
    outer loop
      vertex   2.726274e+01 -1.326274e+01 1.610000e+01
      vertex   2.726274e+01 -1.326274e+01 1.900000e+01
      vertex   2.758885e+01 -1.288091e+01 1.610000e+01
    endloop
  endfacet
  facet normal -7.604060e-01 6.494480e-01 9.315533e-16
    outer loop
      vertex   2.758885e+01 -1.288091e+01 1.610000e+01
      vertex   2.726274e+01 -1.326274e+01 1.900000e+01
      vertex   2.758885e+01 -1.288091e+01 1.900000e+01
    endloop
  endfacet
  facet normal -8.526402e-01 5.224986e-01 1.044547e-15
    outer loop
      vertex   2.758885e+01 -1.288091e+01 1.610000e+01
      vertex   2.758885e+01 -1.288091e+01 1.900000e+01
      vertex   2.785122e+01 -1.245277e+01 1.610000e+01
    endloop
  endfacet
  facet normal -8.526402e-01 5.224986e-01 0.000000e+00
    outer loop
      vertex   2.785122e+01 -1.245277e+01 1.610000e+01
      vertex   2.758885e+01 -1.288091e+01 1.900000e+01
      vertex   2.785122e+01 -1.245277e+01 1.900000e+01
    endloop
  endfacet
  facet normal -9.238795e-01 3.826834e-01 0.000000e+00
    outer loop
      vertex   2.785122e+01 -1.245277e+01 1.610000e+01
      vertex   2.785122e+01 -1.245277e+01 1.900000e+01
      vertex   2.804338e+01 -1.198885e+01 1.610000e+01
    endloop
  endfacet
  facet normal -9.238795e-01 3.826834e-01 0.000000e+00
    outer loop
      vertex   2.804338e+01 -1.198885e+01 1.610000e+01
      vertex   2.785122e+01 -1.245277e+01 1.900000e+01
      vertex   2.804338e+01 -1.198885e+01 1.900000e+01
    endloop
  endfacet
  facet normal -9.723699e-01 2.334454e-01 0.000000e+00
    outer loop
      vertex   2.804338e+01 -1.198885e+01 1.610000e+01
      vertex   2.804338e+01 -1.198885e+01 1.900000e+01
      vertex   2.816060e+01 -1.150059e+01 1.610000e+01
    endloop
  endfacet
  facet normal -9.723699e-01 2.334454e-01 0.000000e+00
    outer loop
      vertex   2.816060e+01 -1.150059e+01 1.610000e+01
      vertex   2.804338e+01 -1.198885e+01 1.900000e+01
      vertex   2.816060e+01 -1.150059e+01 1.900000e+01
    endloop
  endfacet
  facet normal -9.969173e-01 7.845910e-02 0.000000e+00
    outer loop
      vertex   2.816060e+01 -1.150059e+01 1.610000e+01
      vertex   2.816060e+01 -1.150059e+01 1.900000e+01
      vertex   2.820000e+01 -1.100000e+01 1.610000e+01
    endloop
  endfacet
  facet normal -9.969173e-01 7.845910e-02 0.000000e+00
    outer loop
      vertex   2.820000e+01 -1.100000e+01 1.610000e+01
      vertex   2.816060e+01 -1.150059e+01 1.900000e+01
      vertex   2.820000e+01 -1.100000e+01 1.900000e+01
    endloop
  endfacet
  facet normal -3.552714e-17 1.000000e+00 0.000000e+00
    outer loop
      vertex   -2.500000e+01 -1.420000e+01 1.900000e+01
      vertex   2.500000e+01 -1.420000e+01 1.900000e+01
      vertex   -2.500000e+01 -1.420000e+01 1.610000e+01
    endloop
  endfacet
  facet normal 0.000000e+00 1.000000e+00 -6.125368e-16
    outer loop
      vertex   -2.500000e+01 -1.420000e+01 1.610000e+01
      vertex   2.500000e+01 -1.420000e+01 1.900000e+01
      vertex   2.500000e+01 -1.420000e+01 1.610000e+01
    endloop
  endfacet
  facet normal 9.969173e-01 7.845910e-02 -0.000000e+00
    outer loop
      vertex   -2.820000e+01 -1.100000e+01 1.610000e+01
      vertex   -2.820000e+01 -1.100000e+01 1.900000e+01
      vertex   -2.816060e+01 -1.150059e+01 1.610000e+01
    endloop
  endfacet
  facet normal 9.969173e-01 7.845910e-02 -0.000000e+00
    outer loop
      vertex   -2.816060e+01 -1.150059e+01 1.610000e+01
      vertex   -2.820000e+01 -1.100000e+01 1.900000e+01
      vertex   -2.816060e+01 -1.150059e+01 1.900000e+01
    endloop
  endfacet
  facet normal 9.723699e-01 2.334454e-01 -0.000000e+00
    outer loop
      vertex   -2.816060e+01 -1.150059e+01 1.610000e+01
      vertex   -2.816060e+01 -1.150059e+01 1.900000e+01
      vertex   -2.804338e+01 -1.198885e+01 1.610000e+01
    endloop
  endfacet
  facet normal 9.723699e-01 2.334454e-01 -0.000000e+00
    outer loop
      vertex   -2.804338e+01 -1.198885e+01 1.610000e+01
      vertex   -2.816060e+01 -1.150059e+01 1.900000e+01
      vertex   -2.804338e+01 -1.198885e+01 1.900000e+01
    endloop
  endfacet
  facet normal 9.238795e-01 3.826834e-01 -0.000000e+00
    outer loop
      vertex   -2.804338e+01 -1.198885e+01 1.610000e+01
      vertex   -2.804338e+01 -1.198885e+01 1.900000e+01
      vertex   -2.785122e+01 -1.245277e+01 1.610000e+01
    endloop
  endfacet
  facet normal 9.238795e-01 3.826834e-01 -0.000000e+00
    outer loop
      vertex   -2.785122e+01 -1.245277e+01 1.610000e+01
      vertex   -2.804338e+01 -1.198885e+01 1.900000e+01
      vertex   -2.785122e+01 -1.245277e+01 1.900000e+01
    endloop
  endfacet
  facet normal 8.526402e-01 5.224986e-01 -0.000000e+00
    outer loop
      vertex   -2.785122e+01 -1.245277e+01 1.610000e+01
      vertex   -2.785122e+01 -1.245277e+01 1.900000e+01
      vertex   -2.758885e+01 -1.288091e+01 1.610000e+01
    endloop
  endfacet
  facet normal 8.526402e-01 5.224986e-01 -0.000000e+00
    outer loop
      vertex   -2.758885e+01 -1.288091e+01 1.610000e+01
      vertex   -2.785122e+01 -1.245277e+01 1.900000e+01
      vertex   -2.758885e+01 -1.288091e+01 1.900000e+01
    endloop
  endfacet
  facet normal 7.604060e-01 6.494480e-01 -0.000000e+00
    outer loop
      vertex   -2.758885e+01 -1.288091e+01 1.610000e+01
      vertex   -2.758885e+01 -1.288091e+01 1.900000e+01
      vertex   -2.726274e+01 -1.326274e+01 1.610000e+01
    endloop
  endfacet
  facet normal 7.604060e-01 6.494480e-01 -0.000000e+00
    outer loop
      vertex   -2.726274e+01 -1.326274e+01 1.610000e+01
      vertex   -2.758885e+01 -1.288091e+01 1.900000e+01
      vertex   -2.726274e+01 -1.326274e+01 1.900000e+01
    endloop
  endfacet
  facet normal 6.494480e-01 7.604060e-01 -0.000000e+00
    outer loop
      vertex   -2.726274e+01 -1.326274e+01 1.610000e+01
      vertex   -2.726274e+01 -1.326274e+01 1.900000e+01
      vertex   -2.688091e+01 -1.358885e+01 1.610000e+01
    endloop
  endfacet
  facet normal 6.494480e-01 7.604060e-01 -0.000000e+00
    outer loop
      vertex   -2.688091e+01 -1.358885e+01 1.610000e+01
      vertex   -2.726274e+01 -1.326274e+01 1.900000e+01
      vertex   -2.688091e+01 -1.358885e+01 1.900000e+01
    endloop
  endfacet
  facet normal 5.224986e-01 8.526402e-01 -0.000000e+00
    outer loop
      vertex   -2.688091e+01 -1.358885e+01 1.610000e+01
      vertex   -2.688091e+01 -1.358885e+01 1.900000e+01
      vertex   -2.645277e+01 -1.385122e+01 1.610000e+01
    endloop
  endfacet
  facet normal 5.224986e-01 8.526402e-01 -0.000000e+00
    outer loop
      vertex   -2.645277e+01 -1.385122e+01 1.610000e+01
      vertex   -2.688091e+01 -1.358885e+01 1.900000e+01
      vertex   -2.645277e+01 -1.385122e+01 1.900000e+01
    endloop
  endfacet
  facet normal 3.826834e-01 9.238795e-01 -0.000000e+00
    outer loop
      vertex   -2.645277e+01 -1.385122e+01 1.610000e+01
      vertex   -2.645277e+01 -1.385122e+01 1.900000e+01
      vertex   -2.598885e+01 -1.404338e+01 1.610000e+01
    endloop
  endfacet
  facet normal 3.826834e-01 9.238795e-01 -0.000000e+00
    outer loop
      vertex   -2.598885e+01 -1.404338e+01 1.610000e+01
      vertex   -2.645277e+01 -1.385122e+01 1.900000e+01
      vertex   -2.598885e+01 -1.404338e+01 1.900000e+01
    endloop
  endfacet
  facet normal 2.334454e-01 9.723699e-01 -0.000000e+00
    outer loop
      vertex   -2.598885e+01 -1.404338e+01 1.610000e+01
      vertex   -2.598885e+01 -1.404338e+01 1.900000e+01
      vertex   -2.550059e+01 -1.416060e+01 1.610000e+01
    endloop
  endfacet
  facet normal 2.334454e-01 9.723699e-01 -0.000000e+00
    outer loop
      vertex   -2.550059e+01 -1.416060e+01 1.610000e+01
      vertex   -2.598885e+01 -1.404338e+01 1.900000e+01
      vertex   -2.550059e+01 -1.416060e+01 1.900000e+01
    endloop
  endfacet
  facet normal 7.845910e-02 9.969173e-01 -0.000000e+00
    outer loop
      vertex   -2.550059e+01 -1.416060e+01 1.610000e+01
      vertex   -2.550059e+01 -1.416060e+01 1.900000e+01
      vertex   -2.500000e+01 -1.420000e+01 1.610000e+01
    endloop
  endfacet
  facet normal 7.845910e-02 9.969173e-01 -0.000000e+00
    outer loop
      vertex   -2.500000e+01 -1.420000e+01 1.610000e+01
      vertex   -2.550059e+01 -1.416060e+01 1.900000e+01
      vertex   -2.500000e+01 -1.420000e+01 1.900000e+01
    endloop
  endfacet
  facet normal 1.000000e+00 0.000000e+00 0.000000e+00
    outer loop
      vertex   -2.820000e+01 1.100000e+01 1.900000e+01
      vertex   -2.820000e+01 -1.100000e+01 1.900000e+01
      vertex   -2.820000e+01 1.100000e+01 1.610000e+01
    endloop
  endfacet
  facet normal 1.000000e+00 0.000000e+00 0.000000e+00
    outer loop
      vertex   -2.820000e+01 1.100000e+01 1.610000e+01
      vertex   -2.820000e+01 -1.100000e+01 1.900000e+01
      vertex   -2.820000e+01 -1.100000e+01 1.610000e+01
    endloop
  endfacet
  facet normal 7.845910e-02 -9.969173e-01 0.000000e+00
    outer loop
      vertex   -2.500000e+01 1.420000e+01 1.610000e+01
      vertex   -2.500000e+01 1.420000e+01 1.900000e+01
      vertex   -2.550059e+01 1.416060e+01 1.610000e+01
    endloop
  endfacet
  facet normal 7.845910e-02 -9.969173e-01 0.000000e+00
    outer loop
      vertex   -2.550059e+01 1.416060e+01 1.610000e+01
      vertex   -2.500000e+01 1.420000e+01 1.900000e+01
      vertex   -2.550059e+01 1.416060e+01 1.900000e+01
    endloop
  endfacet
  facet normal 2.334454e-01 -9.723699e-01 0.000000e+00
    outer loop
      vertex   -2.550059e+01 1.416060e+01 1.610000e+01
      vertex   -2.550059e+01 1.416060e+01 1.900000e+01
      vertex   -2.598885e+01 1.404338e+01 1.610000e+01
    endloop
  endfacet
  facet normal 2.334454e-01 -9.723699e-01 0.000000e+00
    outer loop
      vertex   -2.598885e+01 1.404338e+01 1.610000e+01
      vertex   -2.550059e+01 1.416060e+01 1.900000e+01
      vertex   -2.598885e+01 1.404338e+01 1.900000e+01
    endloop
  endfacet
  facet normal 3.826834e-01 -9.238795e-01 0.000000e+00
    outer loop
      vertex   -2.598885e+01 1.404338e+01 1.610000e+01
      vertex   -2.598885e+01 1.404338e+01 1.900000e+01
      vertex   -2.645277e+01 1.385122e+01 1.610000e+01
    endloop
  endfacet
  facet normal 3.826834e-01 -9.238795e-01 0.000000e+00
    outer loop
      vertex   -2.645277e+01 1.385122e+01 1.610000e+01
      vertex   -2.598885e+01 1.404338e+01 1.900000e+01
      vertex   -2.645277e+01 1.385122e+01 1.900000e+01
    endloop
  endfacet
  facet normal 5.224986e-01 -8.526402e-01 0.000000e+00
    outer loop
      vertex   -2.645277e+01 1.385122e+01 1.610000e+01
      vertex   -2.645277e+01 1.385122e+01 1.900000e+01
      vertex   -2.688091e+01 1.358885e+01 1.610000e+01
    endloop
  endfacet
  facet normal 5.224986e-01 -8.526402e-01 0.000000e+00
    outer loop
      vertex   -2.688091e+01 1.358885e+01 1.610000e+01
      vertex   -2.645277e+01 1.385122e+01 1.900000e+01
      vertex   -2.688091e+01 1.358885e+01 1.900000e+01
    endloop
  endfacet
  facet normal 6.494480e-01 -7.604060e-01 0.000000e+00
    outer loop
      vertex   -2.688091e+01 1.358885e+01 1.610000e+01
      vertex   -2.688091e+01 1.358885e+01 1.900000e+01
      vertex   -2.726274e+01 1.326274e+01 1.610000e+01
    endloop
  endfacet
  facet normal 6.494480e-01 -7.604060e-01 -4.657767e-16
    outer loop
      vertex   -2.726274e+01 1.326274e+01 1.610000e+01
      vertex   -2.688091e+01 1.358885e+01 1.900000e+01
      vertex   -2.726274e+01 1.326274e+01 1.900000e+01
    endloop
  endfacet
  facet normal 7.604060e-01 -6.494480e-01 -3.978109e-16
    outer loop
      vertex   -2.726274e+01 1.326274e+01 1.610000e+01
      vertex   -2.726274e+01 1.326274e+01 1.900000e+01
      vertex   -2.758885e+01 1.288091e+01 1.610000e+01
    endloop
  endfacet
  facet normal 7.604060e-01 -6.494480e-01 -7.956217e-16
    outer loop
      vertex   -2.758885e+01 1.288091e+01 1.610000e+01
      vertex   -2.726274e+01 1.326274e+01 1.900000e+01
      vertex   -2.758885e+01 1.288091e+01 1.900000e+01
    endloop
  endfacet
  facet normal 8.526402e-01 -5.224986e-01 -6.400992e-16
    outer loop
      vertex   -2.758885e+01 1.288091e+01 1.610000e+01
      vertex   -2.758885e+01 1.288091e+01 1.900000e+01
      vertex   -2.785122e+01 1.245277e+01 1.610000e+01
    endloop
  endfacet
  facet normal 8.526402e-01 -5.224986e-01 0.000000e+00
    outer loop
      vertex   -2.785122e+01 1.245277e+01 1.610000e+01
      vertex   -2.758885e+01 1.288091e+01 1.900000e+01
      vertex   -2.785122e+01 1.245277e+01 1.900000e+01
    endloop
  endfacet
  facet normal 9.238795e-01 -3.826834e-01 0.000000e+00
    outer loop
      vertex   -2.785122e+01 1.245277e+01 1.610000e+01
      vertex   -2.785122e+01 1.245277e+01 1.900000e+01
      vertex   -2.804338e+01 1.198885e+01 1.610000e+01
    endloop
  endfacet
  facet normal 9.238795e-01 -3.826834e-01 0.000000e+00
    outer loop
      vertex   -2.804338e+01 1.198885e+01 1.610000e+01
      vertex   -2.785122e+01 1.245277e+01 1.900000e+01
      vertex   -2.804338e+01 1.198885e+01 1.900000e+01
    endloop
  endfacet
  facet normal 9.723699e-01 -2.334454e-01 0.000000e+00
    outer loop
      vertex   -2.804338e+01 1.198885e+01 1.610000e+01
      vertex   -2.804338e+01 1.198885e+01 1.900000e+01
      vertex   -2.816060e+01 1.150059e+01 1.610000e+01
    endloop
  endfacet
  facet normal 9.723699e-01 -2.334454e-01 0.000000e+00
    outer loop
      vertex   -2.816060e+01 1.150059e+01 1.610000e+01
      vertex   -2.804338e+01 1.198885e+01 1.900000e+01
      vertex   -2.816060e+01 1.150059e+01 1.900000e+01
    endloop
  endfacet
  facet normal 9.969173e-01 -7.845910e-02 0.000000e+00
    outer loop
      vertex   -2.816060e+01 1.150059e+01 1.610000e+01
      vertex   -2.816060e+01 1.150059e+01 1.900000e+01
      vertex   -2.820000e+01 1.100000e+01 1.610000e+01
    endloop
  endfacet
  facet normal 9.969173e-01 -7.845910e-02 0.000000e+00
    outer loop
      vertex   -2.820000e+01 1.100000e+01 1.610000e+01
      vertex   -2.816060e+01 1.150059e+01 1.900000e+01
      vertex   -2.820000e+01 1.100000e+01 1.900000e+01
    endloop
  endfacet
  facet normal -9.978589e-01 6.540313e-02 0.000000e+00
    outer loop
      vertex   -2.980000e+01 1.100000e+01 1.610000e+01
      vertex   -2.980000e+01 1.100000e+01 1.900000e+01
      vertex   -2.975894e+01 1.162653e+01 1.610000e+01
    endloop
  endfacet
  facet normal -9.978589e-01 6.540313e-02 0.000000e+00
    outer loop
      vertex   -2.975894e+01 1.162653e+01 1.610000e+01
      vertex   -2.980000e+01 1.100000e+01 1.900000e+01
      vertex   -2.975894e+01 1.162653e+01 1.900000e+01
    endloop
  endfacet
  facet normal -9.807853e-01 1.950903e-01 0.000000e+00
    outer loop
      vertex   -2.975894e+01 1.162653e+01 1.610000e+01
      vertex   -2.975894e+01 1.162653e+01 1.900000e+01
      vertex   -2.963644e+01 1.224233e+01 1.610000e+01
    endloop
  endfacet
  facet normal -9.807853e-01 1.950903e-01 0.000000e+00
    outer loop
      vertex   -2.963644e+01 1.224233e+01 1.610000e+01
      vertex   -2.975894e+01 1.162653e+01 1.900000e+01
      vertex   -2.963644e+01 1.224233e+01 1.900000e+01
    endloop
  endfacet
  facet normal -9.469301e-01 3.214395e-01 0.000000e+00
    outer loop
      vertex   -2.963644e+01 1.224233e+01 1.610000e+01
      vertex   -2.963644e+01 1.224233e+01 1.900000e+01
      vertex   -2.943462e+01 1.283688e+01 1.610000e+01
    endloop
  endfacet
  facet normal -9.469301e-01 3.214395e-01 0.000000e+00
    outer loop
      vertex   -2.943462e+01 1.283688e+01 1.610000e+01
      vertex   -2.963644e+01 1.224233e+01 1.900000e+01
      vertex   -2.943462e+01 1.283688e+01 1.900000e+01
    endloop
  endfacet
  facet normal -8.968727e-01 4.422887e-01 0.000000e+00
    outer loop
      vertex   -2.943462e+01 1.283688e+01 1.610000e+01
      vertex   -2.943462e+01 1.283688e+01 1.900000e+01
      vertex   -2.915692e+01 1.340000e+01 1.610000e+01
    endloop
  endfacet
  facet normal -8.968727e-01 4.422887e-01 0.000000e+00
    outer loop
      vertex   -2.915692e+01 1.340000e+01 1.610000e+01
      vertex   -2.943462e+01 1.283688e+01 1.900000e+01
      vertex   -2.915692e+01 1.340000e+01 1.900000e+01
    endloop
  endfacet
  facet normal -8.314696e-01 5.555702e-01 0.000000e+00
    outer loop
      vertex   -2.915692e+01 1.340000e+01 1.610000e+01
      vertex   -2.915692e+01 1.340000e+01 1.900000e+01
      vertex   -2.880810e+01 1.392206e+01 1.610000e+01
    endloop
  endfacet
  facet normal -8.314696e-01 5.555702e-01 0.000000e+00
    outer loop
      vertex   -2.880810e+01 1.392206e+01 1.610000e+01
      vertex   -2.915692e+01 1.340000e+01 1.900000e+01
      vertex   -2.880810e+01 1.392206e+01 1.900000e+01
    endloop
  endfacet
  facet normal -7.518398e-01 6.593458e-01 0.000000e+00
    outer loop
      vertex   -2.880810e+01 1.392206e+01 1.610000e+01
      vertex   -2.880810e+01 1.392206e+01 1.900000e+01
      vertex   -2.839411e+01 1.439411e+01 1.610000e+01
    endloop
  endfacet
  facet normal -7.518398e-01 6.593458e-01 0.000000e+00
    outer loop
      vertex   -2.839411e+01 1.439411e+01 1.610000e+01
      vertex   -2.880810e+01 1.392206e+01 1.900000e+01
      vertex   -2.839411e+01 1.439411e+01 1.900000e+01
    endloop
  endfacet
  facet normal -6.593458e-01 7.518398e-01 0.000000e+00
    outer loop
      vertex   -2.839411e+01 1.439411e+01 1.610000e+01
      vertex   -2.839411e+01 1.439411e+01 1.900000e+01
      vertex   -2.792206e+01 1.480810e+01 1.610000e+01
    endloop
  endfacet
  facet normal -6.593458e-01 7.518398e-01 0.000000e+00
    outer loop
      vertex   -2.792206e+01 1.480810e+01 1.610000e+01
      vertex   -2.839411e+01 1.439411e+01 1.900000e+01
      vertex   -2.792206e+01 1.480810e+01 1.900000e+01
    endloop
  endfacet
  facet normal -5.555702e-01 8.314696e-01 0.000000e+00
    outer loop
      vertex   -2.792206e+01 1.480810e+01 1.610000e+01
      vertex   -2.792206e+01 1.480810e+01 1.900000e+01
      vertex   -2.740000e+01 1.515692e+01 1.610000e+01
    endloop
  endfacet
  facet normal -5.555702e-01 8.314696e-01 0.000000e+00
    outer loop
      vertex   -2.740000e+01 1.515692e+01 1.610000e+01
      vertex   -2.792206e+01 1.480810e+01 1.900000e+01
      vertex   -2.740000e+01 1.515692e+01 1.900000e+01
    endloop
  endfacet
  facet normal -4.422887e-01 8.968727e-01 0.000000e+00
    outer loop
      vertex   -2.740000e+01 1.515692e+01 1.610000e+01
      vertex   -2.740000e+01 1.515692e+01 1.900000e+01
      vertex   -2.683688e+01 1.543462e+01 1.610000e+01
    endloop
  endfacet
  facet normal -4.422887e-01 8.968727e-01 0.000000e+00
    outer loop
      vertex   -2.683688e+01 1.543462e+01 1.610000e+01
      vertex   -2.740000e+01 1.515692e+01 1.900000e+01
      vertex   -2.683688e+01 1.543462e+01 1.900000e+01
    endloop
  endfacet
  facet normal -3.214395e-01 9.469301e-01 0.000000e+00
    outer loop
      vertex   -2.683688e+01 1.543462e+01 1.610000e+01
      vertex   -2.683688e+01 1.543462e+01 1.900000e+01
      vertex   -2.624233e+01 1.563644e+01 1.610000e+01
    endloop
  endfacet
  facet normal -3.214395e-01 9.469301e-01 0.000000e+00
    outer loop
      vertex   -2.624233e+01 1.563644e+01 1.610000e+01
      vertex   -2.683688e+01 1.543462e+01 1.900000e+01
      vertex   -2.624233e+01 1.563644e+01 1.900000e+01
    endloop
  endfacet
  facet normal -1.950903e-01 9.807853e-01 0.000000e+00
    outer loop
      vertex   -2.624233e+01 1.563644e+01 1.610000e+01
      vertex   -2.624233e+01 1.563644e+01 1.900000e+01
      vertex   -2.562653e+01 1.575894e+01 1.610000e+01
    endloop
  endfacet
  facet normal -1.950903e-01 9.807853e-01 0.000000e+00
    outer loop
      vertex   -2.562653e+01 1.575894e+01 1.610000e+01
      vertex   -2.624233e+01 1.563644e+01 1.900000e+01
      vertex   -2.562653e+01 1.575894e+01 1.900000e+01
    endloop
  endfacet
  facet normal -6.540313e-02 9.978589e-01 0.000000e+00
    outer loop
      vertex   -2.562653e+01 1.575894e+01 1.610000e+01
      vertex   -2.562653e+01 1.575894e+01 1.900000e+01
      vertex   -2.500000e+01 1.580000e+01 1.610000e+01
    endloop
  endfacet
  facet normal -6.540313e-02 9.978589e-01 0.000000e+00
    outer loop
      vertex   -2.500000e+01 1.580000e+01 1.610000e+01
      vertex   -2.562653e+01 1.575894e+01 1.900000e+01
      vertex   -2.500000e+01 1.580000e+01 1.900000e+01
    endloop
  endfacet
  facet normal -1.000000e+00 -1.614870e-16 9.891673e-32
    outer loop
      vertex   -2.980000e+01 -1.100000e+01 1.900000e+01
      vertex   -2.980000e+01 1.100000e+01 1.900000e+01
      vertex   -2.980000e+01 -1.100000e+01 1.610000e+01
    endloop
  endfacet
  facet normal -1.000000e+00 -1.614870e-16 0.000000e+00
    outer loop
      vertex   -2.980000e+01 -1.100000e+01 1.610000e+01
      vertex   -2.980000e+01 1.100000e+01 1.900000e+01
      vertex   -2.980000e+01 1.100000e+01 1.610000e+01
    endloop
  endfacet
  facet normal -6.540313e-02 -9.978589e-01 0.000000e+00
    outer loop
      vertex   -2.500000e+01 -1.580000e+01 1.610000e+01
      vertex   -2.500000e+01 -1.580000e+01 1.900000e+01
      vertex   -2.562653e+01 -1.575894e+01 1.610000e+01
    endloop
  endfacet
  facet normal -6.540313e-02 -9.978589e-01 -1.602473e-16
    outer loop
      vertex   -2.562653e+01 -1.575894e+01 1.610000e+01
      vertex   -2.500000e+01 -1.580000e+01 1.900000e+01
      vertex   -2.562653e+01 -1.575894e+01 1.900000e+01
    endloop
  endfacet
  facet normal -1.950903e-01 -9.807853e-01 -4.780000e-16
    outer loop
      vertex   -2.562653e+01 -1.575894e+01 1.610000e+01
      vertex   -2.562653e+01 -1.575894e+01 1.900000e+01
      vertex   -2.624233e+01 -1.563644e+01 1.610000e+01
    endloop
  endfacet
  facet normal -1.950903e-01 -9.807853e-01 0.000000e+00
    outer loop
      vertex   -2.624233e+01 -1.563644e+01 1.610000e+01
      vertex   -2.562653e+01 -1.575894e+01 1.900000e+01
      vertex   -2.624233e+01 -1.563644e+01 1.900000e+01
    endloop
  endfacet
  facet normal -3.214395e-01 -9.469301e-01 0.000000e+00
    outer loop
      vertex   -2.624233e+01 -1.563644e+01 1.610000e+01
      vertex   -2.624233e+01 -1.563644e+01 1.900000e+01
      vertex   -2.683688e+01 -1.543462e+01 1.610000e+01
    endloop
  endfacet
  facet normal -3.214395e-01 -9.469301e-01 5.800296e-16
    outer loop
      vertex   -2.683688e+01 -1.543462e+01 1.610000e+01
      vertex   -2.624233e+01 -1.563644e+01 1.900000e+01
      vertex   -2.683688e+01 -1.543462e+01 1.900000e+01
    endloop
  endfacet
  facet normal -4.422887e-01 -8.968727e-01 5.493676e-16
    outer loop
      vertex   -2.683688e+01 -1.543462e+01 1.610000e+01
      vertex   -2.683688e+01 -1.543462e+01 1.900000e+01
      vertex   -2.740000e+01 -1.515692e+01 1.610000e+01
    endloop
  endfacet
  facet normal -4.422887e-01 -8.968727e-01 5.493676e-16
    outer loop
      vertex   -2.740000e+01 -1.515692e+01 1.610000e+01
      vertex   -2.683688e+01 -1.543462e+01 1.900000e+01
      vertex   -2.740000e+01 -1.515692e+01 1.900000e+01
    endloop
  endfacet
  facet normal -5.555702e-01 -8.314696e-01 5.093058e-16
    outer loop
      vertex   -2.740000e+01 -1.515692e+01 1.610000e+01
      vertex   -2.740000e+01 -1.515692e+01 1.900000e+01
      vertex   -2.792206e+01 -1.480810e+01 1.610000e+01
    endloop
  endfacet
  facet normal -5.555702e-01 -8.314696e-01 3.379971e-16
    outer loop
      vertex   -2.792206e+01 -1.480810e+01 1.610000e+01
      vertex   -2.740000e+01 -1.515692e+01 1.900000e+01
      vertex   -2.792206e+01 -1.480810e+01 1.900000e+01
    endloop
  endfacet
  facet normal -6.593458e-01 -7.518398e-01 1.133120e-16
    outer loop
      vertex   -2.792206e+01 -1.480810e+01 1.610000e+01
      vertex   -2.792206e+01 -1.480810e+01 1.900000e+01
      vertex   -2.839411e+01 -1.439411e+01 1.610000e+01
    endloop
  endfacet
  facet normal -6.593458e-01 -7.518398e-01 0.000000e+00
    outer loop
      vertex   -2.839411e+01 -1.439411e+01 1.610000e+01
      vertex   -2.792206e+01 -1.480810e+01 1.900000e+01
      vertex   -2.839411e+01 -1.439411e+01 1.900000e+01
    endloop
  endfacet
  facet normal -7.518398e-01 -6.593458e-01 0.000000e+00
    outer loop
      vertex   -2.839411e+01 -1.439411e+01 1.610000e+01
      vertex   -2.839411e+01 -1.439411e+01 1.900000e+01
      vertex   -2.880810e+01 -1.392206e+01 1.610000e+01
    endloop
  endfacet
  facet normal -7.518398e-01 -6.593458e-01 0.000000e+00
    outer loop
      vertex   -2.880810e+01 -1.392206e+01 1.610000e+01
      vertex   -2.839411e+01 -1.439411e+01 1.900000e+01
      vertex   -2.880810e+01 -1.392206e+01 1.900000e+01
    endloop
  endfacet
  facet normal -8.314696e-01 -5.555702e-01 0.000000e+00
    outer loop
      vertex   -2.880810e+01 -1.392206e+01 1.610000e+01
      vertex   -2.880810e+01 -1.392206e+01 1.900000e+01
      vertex   -2.915692e+01 -1.340000e+01 1.610000e+01
    endloop
  endfacet
  facet normal -8.314696e-01 -5.555702e-01 0.000000e+00
    outer loop
      vertex   -2.915692e+01 -1.340000e+01 1.610000e+01
      vertex   -2.880810e+01 -1.392206e+01 1.900000e+01
      vertex   -2.915692e+01 -1.340000e+01 1.900000e+01
    endloop
  endfacet
  facet normal -8.968727e-01 -4.422887e-01 0.000000e+00
    outer loop
      vertex   -2.915692e+01 -1.340000e+01 1.610000e+01
      vertex   -2.915692e+01 -1.340000e+01 1.900000e+01
      vertex   -2.943462e+01 -1.283688e+01 1.610000e+01
    endloop
  endfacet
  facet normal -8.968727e-01 -4.422887e-01 2.709181e-16
    outer loop
      vertex   -2.943462e+01 -1.283688e+01 1.610000e+01
      vertex   -2.915692e+01 -1.340000e+01 1.900000e+01
      vertex   -2.943462e+01 -1.283688e+01 1.900000e+01
    endloop
  endfacet
  facet normal -9.469301e-01 -3.214395e-01 1.968935e-16
    outer loop
      vertex   -2.943462e+01 -1.283688e+01 1.610000e+01
      vertex   -2.943462e+01 -1.283688e+01 1.900000e+01
      vertex   -2.963644e+01 -1.224233e+01 1.610000e+01
    endloop
  endfacet
  facet normal -9.469301e-01 -3.214395e-01 3.937870e-16
    outer loop
      vertex   -2.963644e+01 -1.224233e+01 1.610000e+01
      vertex   -2.943462e+01 -1.283688e+01 1.900000e+01
      vertex   -2.963644e+01 -1.224233e+01 1.900000e+01
    endloop
  endfacet
  facet normal -9.807853e-01 -1.950903e-01 2.390000e-16
    outer loop
      vertex   -2.963644e+01 -1.224233e+01 1.610000e+01
      vertex   -2.963644e+01 -1.224233e+01 1.900000e+01
      vertex   -2.975894e+01 -1.162653e+01 1.610000e+01
    endloop
  endfacet
  facet normal -9.807853e-01 -1.950903e-01 0.000000e+00
    outer loop
      vertex   -2.975894e+01 -1.162653e+01 1.610000e+01
      vertex   -2.963644e+01 -1.224233e+01 1.900000e+01
      vertex   -2.975894e+01 -1.162653e+01 1.900000e+01
    endloop
  endfacet
  facet normal -9.978589e-01 -6.540313e-02 0.000000e+00
    outer loop
      vertex   -2.975894e+01 -1.162653e+01 1.610000e+01
      vertex   -2.975894e+01 -1.162653e+01 1.900000e+01
      vertex   -2.980000e+01 -1.100000e+01 1.610000e+01
    endloop
  endfacet
  facet normal -9.978589e-01 -6.540313e-02 4.006183e-17
    outer loop
      vertex   -2.980000e+01 -1.100000e+01 1.610000e+01
      vertex   -2.975894e+01 -1.162653e+01 1.900000e+01
      vertex   -2.980000e+01 -1.100000e+01 1.900000e+01
    endloop
  endfacet
  facet normal -1.065814e-16 -1.000000e+00 -6.125368e-16
    outer loop
      vertex   2.500000e+01 -1.580000e+01 1.900000e+01
      vertex   -2.500000e+01 -1.580000e+01 1.900000e+01
      vertex   2.500000e+01 -1.580000e+01 1.610000e+01
    endloop
  endfacet
  facet normal -7.105427e-17 -1.000000e+00 0.000000e+00
    outer loop
      vertex   2.500000e+01 -1.580000e+01 1.610000e+01
      vertex   -2.500000e+01 -1.580000e+01 1.900000e+01
      vertex   -2.500000e+01 -1.580000e+01 1.610000e+01
    endloop
  endfacet
  facet normal 9.978589e-01 -6.540313e-02 2.484963e-15
    outer loop
      vertex   2.980000e+01 -1.100000e+01 1.610000e+01
      vertex   2.980000e+01 -1.100000e+01 1.900000e+01
      vertex   2.975894e+01 -1.162653e+01 1.610000e+01
    endloop
  endfacet
  facet normal 9.978589e-01 -6.540313e-02 0.000000e+00
    outer loop
      vertex   2.975894e+01 -1.162653e+01 1.610000e+01
      vertex   2.980000e+01 -1.100000e+01 1.900000e+01
      vertex   2.975894e+01 -1.162653e+01 1.900000e+01
    endloop
  endfacet
  facet normal 9.807853e-01 -1.950903e-01 0.000000e+00
    outer loop
      vertex   2.975894e+01 -1.162653e+01 1.610000e+01
      vertex   2.975894e+01 -1.162653e+01 1.900000e+01
      vertex   2.963644e+01 -1.224233e+01 1.610000e+01
    endloop
  endfacet
  facet normal 9.807853e-01 -1.950903e-01 0.000000e+00
    outer loop
      vertex   2.963644e+01 -1.224233e+01 1.610000e+01
      vertex   2.975894e+01 -1.162653e+01 1.900000e+01
      vertex   2.963644e+01 -1.224233e+01 1.900000e+01
    endloop
  endfacet
  facet normal 9.469301e-01 -3.214395e-01 0.000000e+00
    outer loop
      vertex   2.963644e+01 -1.224233e+01 1.610000e+01
      vertex   2.963644e+01 -1.224233e+01 1.900000e+01
      vertex   2.943462e+01 -1.283688e+01 1.610000e+01
    endloop
  endfacet
  facet normal 9.469301e-01 -3.214395e-01 0.000000e+00
    outer loop
      vertex   2.943462e+01 -1.283688e+01 1.610000e+01
      vertex   2.963644e+01 -1.224233e+01 1.900000e+01
      vertex   2.943462e+01 -1.283688e+01 1.900000e+01
    endloop
  endfacet
  facet normal 8.968727e-01 -4.422887e-01 0.000000e+00
    outer loop
      vertex   2.943462e+01 -1.283688e+01 1.610000e+01
      vertex   2.943462e+01 -1.283688e+01 1.900000e+01
      vertex   2.915692e+01 -1.340000e+01 1.610000e+01
    endloop
  endfacet
  facet normal 8.968727e-01 -4.422887e-01 -2.709181e-16
    outer loop
      vertex   2.915692e+01 -1.340000e+01 1.610000e+01
      vertex   2.943462e+01 -1.283688e+01 1.900000e+01
      vertex   2.915692e+01 -1.340000e+01 1.900000e+01
    endloop
  endfacet
  facet normal 8.314696e-01 -5.555702e-01 -3.403072e-16
    outer loop
      vertex   2.915692e+01 -1.340000e+01 1.610000e+01
      vertex   2.915692e+01 -1.340000e+01 1.900000e+01
      vertex   2.880810e+01 -1.392206e+01 1.610000e+01
    endloop
  endfacet
  facet normal 8.314696e-01 -5.555702e-01 0.000000e+00
    outer loop
      vertex   2.880810e+01 -1.392206e+01 1.610000e+01
      vertex   2.915692e+01 -1.340000e+01 1.900000e+01
      vertex   2.880810e+01 -1.392206e+01 1.900000e+01
    endloop
  endfacet
  facet normal 7.518398e-01 -6.593458e-01 0.000000e+00
    outer loop
      vertex   2.880810e+01 -1.392206e+01 1.610000e+01
      vertex   2.880810e+01 -1.392206e+01 1.900000e+01
      vertex   2.839411e+01 -1.439411e+01 1.610000e+01
    endloop
  endfacet
  facet normal 7.518398e-01 -6.593458e-01 0.000000e+00
    outer loop
      vertex   2.839411e+01 -1.439411e+01 1.610000e+01
      vertex   2.880810e+01 -1.392206e+01 1.900000e+01
      vertex   2.839411e+01 -1.439411e+01 1.900000e+01
    endloop
  endfacet
  facet normal 6.593458e-01 -7.518398e-01 0.000000e+00
    outer loop
      vertex   2.839411e+01 -1.439411e+01 1.610000e+01
      vertex   2.839411e+01 -1.439411e+01 1.900000e+01
      vertex   2.792206e+01 -1.480810e+01 1.610000e+01
    endloop
  endfacet
  facet normal 6.593458e-01 -7.518398e-01 0.000000e+00
    outer loop
      vertex   2.792206e+01 -1.480810e+01 1.610000e+01
      vertex   2.839411e+01 -1.439411e+01 1.900000e+01
      vertex   2.792206e+01 -1.480810e+01 1.900000e+01
    endloop
  endfacet
  facet normal 5.555702e-01 -8.314696e-01 0.000000e+00
    outer loop
      vertex   2.792206e+01 -1.480810e+01 1.610000e+01
      vertex   2.792206e+01 -1.480810e+01 1.900000e+01
      vertex   2.740000e+01 -1.515692e+01 1.610000e+01
    endloop
  endfacet
  facet normal 5.555702e-01 -8.314696e-01 0.000000e+00
    outer loop
      vertex   2.740000e+01 -1.515692e+01 1.610000e+01
      vertex   2.792206e+01 -1.480810e+01 1.900000e+01
      vertex   2.740000e+01 -1.515692e+01 1.900000e+01
    endloop
  endfacet
  facet normal 4.422887e-01 -8.968727e-01 0.000000e+00
    outer loop
      vertex   2.740000e+01 -1.515692e+01 1.610000e+01
      vertex   2.740000e+01 -1.515692e+01 1.900000e+01
      vertex   2.683688e+01 -1.543462e+01 1.610000e+01
    endloop
  endfacet
  facet normal 4.422887e-01 -8.968727e-01 0.000000e+00
    outer loop
      vertex   2.683688e+01 -1.543462e+01 1.610000e+01
      vertex   2.740000e+01 -1.515692e+01 1.900000e+01
      vertex   2.683688e+01 -1.543462e+01 1.900000e+01
    endloop
  endfacet
  facet normal 3.214395e-01 -9.469301e-01 0.000000e+00
    outer loop
      vertex   2.683688e+01 -1.543462e+01 1.610000e+01
      vertex   2.683688e+01 -1.543462e+01 1.900000e+01
      vertex   2.624233e+01 -1.563644e+01 1.610000e+01
    endloop
  endfacet
  facet normal 3.214395e-01 -9.469301e-01 0.000000e+00
    outer loop
      vertex   2.624233e+01 -1.563644e+01 1.610000e+01
      vertex   2.683688e+01 -1.543462e+01 1.900000e+01
      vertex   2.624233e+01 -1.563644e+01 1.900000e+01
    endloop
  endfacet
  facet normal 1.950903e-01 -9.807853e-01 0.000000e+00
    outer loop
      vertex   2.624233e+01 -1.563644e+01 1.610000e+01
      vertex   2.624233e+01 -1.563644e+01 1.900000e+01
      vertex   2.562653e+01 -1.575894e+01 1.610000e+01
    endloop
  endfacet
  facet normal 1.950903e-01 -9.807853e-01 0.000000e+00
    outer loop
      vertex   2.562653e+01 -1.575894e+01 1.610000e+01
      vertex   2.624233e+01 -1.563644e+01 1.900000e+01
      vertex   2.562653e+01 -1.575894e+01 1.900000e+01
    endloop
  endfacet
  facet normal 6.540313e-02 -9.978589e-01 0.000000e+00
    outer loop
      vertex   2.562653e+01 -1.575894e+01 1.610000e+01
      vertex   2.562653e+01 -1.575894e+01 1.900000e+01
      vertex   2.500000e+01 -1.580000e+01 1.610000e+01
    endloop
  endfacet
  facet normal 6.540313e-02 -9.978589e-01 -6.112254e-16
    outer loop
      vertex   2.500000e+01 -1.580000e+01 1.610000e+01
      vertex   2.562653e+01 -1.575894e+01 1.900000e+01
      vertex   2.500000e+01 -1.580000e+01 1.900000e+01
    endloop
  endfacet
  facet normal 1.000000e+00 0.000000e+00 2.450147e-15
    outer loop
      vertex   2.980000e+01 1.100000e+01 1.900000e+01
      vertex   2.980000e+01 -1.100000e+01 1.900000e+01
      vertex   2.980000e+01 1.100000e+01 1.610000e+01
    endloop
  endfacet
  facet normal 1.000000e+00 0.000000e+00 2.450147e-15
    outer loop
      vertex   2.980000e+01 1.100000e+01 1.610000e+01
      vertex   2.980000e+01 -1.100000e+01 1.900000e+01
      vertex   2.980000e+01 -1.100000e+01 1.610000e+01
    endloop
  endfacet
  facet normal 6.540313e-02 9.978589e-01 -0.000000e+00
    outer loop
      vertex   2.500000e+01 1.580000e+01 1.610000e+01
      vertex   2.500000e+01 1.580000e+01 1.900000e+01
      vertex   2.562653e+01 1.575894e+01 1.610000e+01
    endloop
  endfacet
  facet normal 6.540313e-02 9.978589e-01 -0.000000e+00
    outer loop
      vertex   2.562653e+01 1.575894e+01 1.610000e+01
      vertex   2.500000e+01 1.580000e+01 1.900000e+01
      vertex   2.562653e+01 1.575894e+01 1.900000e+01
    endloop
  endfacet
  facet normal 1.950903e-01 9.807853e-01 -0.000000e+00
    outer loop
      vertex   2.562653e+01 1.575894e+01 1.610000e+01
      vertex   2.562653e+01 1.575894e+01 1.900000e+01
      vertex   2.624233e+01 1.563644e+01 1.610000e+01
    endloop
  endfacet
  facet normal 1.950903e-01 9.807853e-01 -0.000000e+00
    outer loop
      vertex   2.624233e+01 1.563644e+01 1.610000e+01
      vertex   2.562653e+01 1.575894e+01 1.900000e+01
      vertex   2.624233e+01 1.563644e+01 1.900000e+01
    endloop
  endfacet
  facet normal 3.214395e-01 9.469301e-01 -0.000000e+00
    outer loop
      vertex   2.624233e+01 1.563644e+01 1.610000e+01
      vertex   2.624233e+01 1.563644e+01 1.900000e+01
      vertex   2.683688e+01 1.543462e+01 1.610000e+01
    endloop
  endfacet
  facet normal 3.214395e-01 9.469301e-01 -0.000000e+00
    outer loop
      vertex   2.683688e+01 1.543462e+01 1.610000e+01
      vertex   2.624233e+01 1.563644e+01 1.900000e+01
      vertex   2.683688e+01 1.543462e+01 1.900000e+01
    endloop
  endfacet
  facet normal 4.422887e-01 8.968727e-01 -0.000000e+00
    outer loop
      vertex   2.683688e+01 1.543462e+01 1.610000e+01
      vertex   2.683688e+01 1.543462e+01 1.900000e+01
      vertex   2.740000e+01 1.515692e+01 1.610000e+01
    endloop
  endfacet
  facet normal 4.422887e-01 8.968727e-01 -0.000000e+00
    outer loop
      vertex   2.740000e+01 1.515692e+01 1.610000e+01
      vertex   2.683688e+01 1.543462e+01 1.900000e+01
      vertex   2.740000e+01 1.515692e+01 1.900000e+01
    endloop
  endfacet
  facet normal 5.555702e-01 8.314696e-01 -0.000000e+00
    outer loop
      vertex   2.740000e+01 1.515692e+01 1.610000e+01
      vertex   2.740000e+01 1.515692e+01 1.900000e+01
      vertex   2.792206e+01 1.480810e+01 1.610000e+01
    endloop
  endfacet
  facet normal 5.555702e-01 8.314696e-01 -0.000000e+00
    outer loop
      vertex   2.792206e+01 1.480810e+01 1.610000e+01
      vertex   2.740000e+01 1.515692e+01 1.900000e+01
      vertex   2.792206e+01 1.480810e+01 1.900000e+01
    endloop
  endfacet
  facet normal 6.593458e-01 7.518398e-01 -0.000000e+00
    outer loop
      vertex   2.792206e+01 1.480810e+01 1.610000e+01
      vertex   2.792206e+01 1.480810e+01 1.900000e+01
      vertex   2.839411e+01 1.439411e+01 1.610000e+01
    endloop
  endfacet
  facet normal 6.593458e-01 7.518398e-01 -0.000000e+00
    outer loop
      vertex   2.839411e+01 1.439411e+01 1.610000e+01
      vertex   2.792206e+01 1.480810e+01 1.900000e+01
      vertex   2.839411e+01 1.439411e+01 1.900000e+01
    endloop
  endfacet
  facet normal 7.518398e-01 6.593458e-01 -0.000000e+00
    outer loop
      vertex   2.839411e+01 1.439411e+01 1.610000e+01
      vertex   2.839411e+01 1.439411e+01 1.900000e+01
      vertex   2.880810e+01 1.392206e+01 1.610000e+01
    endloop
  endfacet
  facet normal 7.518398e-01 6.593458e-01 -0.000000e+00
    outer loop
      vertex   2.880810e+01 1.392206e+01 1.610000e+01
      vertex   2.839411e+01 1.439411e+01 1.900000e+01
      vertex   2.880810e+01 1.392206e+01 1.900000e+01
    endloop
  endfacet
  facet normal 8.314696e-01 5.555702e-01 -0.000000e+00
    outer loop
      vertex   2.880810e+01 1.392206e+01 1.610000e+01
      vertex   2.880810e+01 1.392206e+01 1.900000e+01
      vertex   2.915692e+01 1.340000e+01 1.610000e+01
    endloop
  endfacet
  facet normal 8.314696e-01 5.555702e-01 -0.000000e+00
    outer loop
      vertex   2.915692e+01 1.340000e+01 1.610000e+01
      vertex   2.880810e+01 1.392206e+01 1.900000e+01
      vertex   2.915692e+01 1.340000e+01 1.900000e+01
    endloop
  endfacet
  facet normal 8.968727e-01 4.422887e-01 -0.000000e+00
    outer loop
      vertex   2.915692e+01 1.340000e+01 1.610000e+01
      vertex   2.915692e+01 1.340000e+01 1.900000e+01
      vertex   2.943462e+01 1.283688e+01 1.610000e+01
    endloop
  endfacet
  facet normal 8.968727e-01 4.422887e-01 2.709181e-16
    outer loop
      vertex   2.943462e+01 1.283688e+01 1.610000e+01
      vertex   2.915692e+01 1.340000e+01 1.900000e+01
      vertex   2.943462e+01 1.283688e+01 1.900000e+01
    endloop
  endfacet
  facet normal 9.469301e-01 3.214395e-01 1.968935e-16
    outer loop
      vertex   2.943462e+01 1.283688e+01 1.610000e+01
      vertex   2.943462e+01 1.283688e+01 1.900000e+01
      vertex   2.963644e+01 1.224233e+01 1.610000e+01
    endloop
  endfacet
  facet normal 9.469301e-01 3.214395e-01 -0.000000e+00
    outer loop
      vertex   2.963644e+01 1.224233e+01 1.610000e+01
      vertex   2.943462e+01 1.283688e+01 1.900000e+01
      vertex   2.963644e+01 1.224233e+01 1.900000e+01
    endloop
  endfacet
  facet normal 9.807853e-01 1.950903e-01 -0.000000e+00
    outer loop
      vertex   2.963644e+01 1.224233e+01 1.610000e+01
      vertex   2.963644e+01 1.224233e+01 1.900000e+01
      vertex   2.975894e+01 1.162653e+01 1.610000e+01
    endloop
  endfacet
  facet normal 9.807853e-01 1.950903e-01 -1.195000e-16
    outer loop
      vertex   2.975894e+01 1.162653e+01 1.610000e+01
      vertex   2.963644e+01 1.224233e+01 1.900000e+01
      vertex   2.975894e+01 1.162653e+01 1.900000e+01
    endloop
  endfacet
  facet normal 9.978589e-01 6.540313e-02 -4.006183e-17
    outer loop
      vertex   2.975894e+01 1.162653e+01 1.610000e+01
      vertex   2.975894e+01 1.162653e+01 1.900000e+01
      vertex   2.980000e+01 1.100000e+01 1.610000e+01
    endloop
  endfacet
  facet normal 9.978589e-01 6.540313e-02 2.444901e-15
    outer loop
      vertex   2.980000e+01 1.100000e+01 1.610000e+01
      vertex   2.975894e+01 1.162653e+01 1.900000e+01
      vertex   2.980000e+01 1.100000e+01 1.900000e+01
    endloop
  endfacet
  facet normal -1.421085e-16 1.000000e+00 0.000000e+00
    outer loop
      vertex   -2.500000e+01 1.580000e+01 1.900000e+01
      vertex   2.500000e+01 1.580000e+01 1.900000e+01
      vertex   -2.500000e+01 1.580000e+01 1.610000e+01
    endloop
  endfacet
  facet normal -1.421085e-16 1.000000e+00 0.000000e+00
    outer loop
      vertex   -2.500000e+01 1.580000e+01 1.610000e+01
      vertex   2.500000e+01 1.580000e+01 1.900000e+01
      vertex   2.500000e+01 1.580000e+01 1.610000e+01
    endloop
  endfacet
  facet normal 0.000000e+00 0.000000e+00 -1.000000e+00
    outer loop
      vertex   -2.550059e+01 1.416060e+01 1.610000e+01
      vertex   -2.624233e+01 1.563644e+01 1.610000e+01
      vertex   -2.500000e+01 1.420000e+01 1.610000e+01
    endloop
  endfacet
  facet normal 0.000000e+00 0.000000e+00 -1.000000e+00
    outer loop
      vertex   -2.500000e+01 1.420000e+01 1.610000e+01
      vertex   -2.624233e+01 1.563644e+01 1.610000e+01
      vertex   -2.562653e+01 1.575894e+01 1.610000e+01
    endloop
  endfacet
  facet normal 0.000000e+00 0.000000e+00 -1.000000e+00
    outer loop
      vertex   -2.500000e+01 1.420000e+01 1.610000e+01
      vertex   -2.562653e+01 1.575894e+01 1.610000e+01
      vertex   -2.500000e+01 1.580000e+01 1.610000e+01
    endloop
  endfacet
  facet normal 0.000000e+00 0.000000e+00 -1.000000e+00
    outer loop
      vertex   -2.598885e+01 1.404338e+01 1.610000e+01
      vertex   -2.740000e+01 1.515692e+01 1.610000e+01
      vertex   -2.550059e+01 1.416060e+01 1.610000e+01
    endloop
  endfacet
  facet normal 0.000000e+00 0.000000e+00 -1.000000e+00
    outer loop
      vertex   -2.550059e+01 1.416060e+01 1.610000e+01
      vertex   -2.740000e+01 1.515692e+01 1.610000e+01
      vertex   -2.683688e+01 1.543462e+01 1.610000e+01
    endloop
  endfacet
  facet normal 0.000000e+00 0.000000e+00 -1.000000e+00
    outer loop
      vertex   -2.550059e+01 1.416060e+01 1.610000e+01
      vertex   -2.683688e+01 1.543462e+01 1.610000e+01
      vertex   -2.624233e+01 1.563644e+01 1.610000e+01
    endloop
  endfacet
  facet normal 0.000000e+00 -0.000000e+00 -1.000000e+00
    outer loop
      vertex   -2.740000e+01 1.515692e+01 1.610000e+01
      vertex   -2.598885e+01 1.404338e+01 1.610000e+01
      vertex   -2.792206e+01 1.480810e+01 1.610000e+01
    endloop
  endfacet
  facet normal 0.000000e+00 0.000000e+00 -1.000000e+00
    outer loop
      vertex   -2.792206e+01 1.480810e+01 1.610000e+01
      vertex   -2.598885e+01 1.404338e+01 1.610000e+01
      vertex   -2.645277e+01 1.385122e+01 1.610000e+01
    endloop
  endfacet
  facet normal 0.000000e+00 -0.000000e+00 -1.000000e+00
    outer loop
      vertex   -2.792206e+01 1.480810e+01 1.610000e+01
      vertex   -2.645277e+01 1.385122e+01 1.610000e+01
      vertex   -2.839411e+01 1.439411e+01 1.610000e+01
    endloop
  endfacet
  facet normal 0.000000e+00 0.000000e+00 -1.000000e+00
    outer loop
      vertex   -2.839411e+01 1.439411e+01 1.610000e+01
      vertex   -2.645277e+01 1.385122e+01 1.610000e+01
      vertex   -2.688091e+01 1.358885e+01 1.610000e+01
    endloop
  endfacet
  facet normal 0.000000e+00 -0.000000e+00 -1.000000e+00
    outer loop
      vertex   -2.839411e+01 1.439411e+01 1.610000e+01
      vertex   -2.688091e+01 1.358885e+01 1.610000e+01
      vertex   -2.880810e+01 1.392206e+01 1.610000e+01
    endloop
  endfacet
  facet normal 0.000000e+00 0.000000e+00 -1.000000e+00
    outer loop
      vertex   -2.880810e+01 1.392206e+01 1.610000e+01
      vertex   -2.688091e+01 1.358885e+01 1.610000e+01
      vertex   -2.726274e+01 1.326274e+01 1.610000e+01
    endloop
  endfacet
  facet normal 0.000000e+00 -0.000000e+00 -1.000000e+00
    outer loop
      vertex   -2.880810e+01 1.392206e+01 1.610000e+01
      vertex   -2.726274e+01 1.326274e+01 1.610000e+01
      vertex   -2.915692e+01 1.340000e+01 1.610000e+01
    endloop
  endfacet
  facet normal 0.000000e+00 0.000000e+00 -1.000000e+00
    outer loop
      vertex   -2.915692e+01 1.340000e+01 1.610000e+01
      vertex   -2.726274e+01 1.326274e+01 1.610000e+01
      vertex   -2.758885e+01 1.288091e+01 1.610000e+01
    endloop
  endfacet
  facet normal 0.000000e+00 -0.000000e+00 -1.000000e+00
    outer loop
      vertex   -2.915692e+01 1.340000e+01 1.610000e+01
      vertex   -2.758885e+01 1.288091e+01 1.610000e+01
      vertex   -2.943462e+01 1.283688e+01 1.610000e+01
    endloop
  endfacet
  facet normal 0.000000e+00 0.000000e+00 -1.000000e+00
    outer loop
      vertex   -2.943462e+01 1.283688e+01 1.610000e+01
      vertex   -2.758885e+01 1.288091e+01 1.610000e+01
      vertex   -2.785122e+01 1.245277e+01 1.610000e+01
    endloop
  endfacet
  facet normal 0.000000e+00 -0.000000e+00 -1.000000e+00
    outer loop
      vertex   -2.943462e+01 1.283688e+01 1.610000e+01
      vertex   -2.785122e+01 1.245277e+01 1.610000e+01
      vertex   -2.963644e+01 1.224233e+01 1.610000e+01
    endloop
  endfacet
  facet normal 0.000000e+00 0.000000e+00 -1.000000e+00
    outer loop
      vertex   -2.963644e+01 1.224233e+01 1.610000e+01
      vertex   -2.785122e+01 1.245277e+01 1.610000e+01
      vertex   -2.804338e+01 1.198885e+01 1.610000e+01
    endloop
  endfacet
  facet normal 0.000000e+00 -0.000000e+00 -1.000000e+00
    outer loop
      vertex   -2.963644e+01 1.224233e+01 1.610000e+01
      vertex   -2.804338e+01 1.198885e+01 1.610000e+01
      vertex   -2.975894e+01 1.162653e+01 1.610000e+01
    endloop
  endfacet
  facet normal 0.000000e+00 0.000000e+00 -1.000000e+00
    outer loop
      vertex   -2.975894e+01 1.162653e+01 1.610000e+01
      vertex   -2.804338e+01 1.198885e+01 1.610000e+01
      vertex   -2.816060e+01 1.150059e+01 1.610000e+01
    endloop
  endfacet
  facet normal 0.000000e+00 -0.000000e+00 -1.000000e+00
    outer loop
      vertex   -2.975894e+01 1.162653e+01 1.610000e+01
      vertex   -2.816060e+01 1.150059e+01 1.610000e+01
      vertex   -2.980000e+01 1.100000e+01 1.610000e+01
    endloop
  endfacet
  facet normal 0.000000e+00 0.000000e+00 -1.000000e+00
    outer loop
      vertex   -2.980000e+01 1.100000e+01 1.610000e+01
      vertex   -2.816060e+01 1.150059e+01 1.610000e+01
      vertex   -2.820000e+01 1.100000e+01 1.610000e+01
    endloop
  endfacet
  facet normal 0.000000e+00 0.000000e+00 -1.000000e+00
    outer loop
      vertex   -2.980000e+01 1.100000e+01 1.610000e+01
      vertex   -2.820000e+01 1.100000e+01 1.610000e+01
      vertex   -2.980000e+01 -1.100000e+01 1.610000e+01
    endloop
  endfacet
  facet normal 0.000000e+00 0.000000e+00 -1.000000e+00
    outer loop
      vertex   -2.980000e+01 -1.100000e+01 1.610000e+01
      vertex   -2.820000e+01 1.100000e+01 1.610000e+01
      vertex   -2.820000e+01 -1.100000e+01 1.610000e+01
    endloop
  endfacet
  facet normal 0.000000e+00 0.000000e+00 -1.000000e+00
    outer loop
      vertex   -2.980000e+01 -1.100000e+01 1.610000e+01
      vertex   -2.820000e+01 -1.100000e+01 1.610000e+01
      vertex   -2.816060e+01 -1.150059e+01 1.610000e+01
    endloop
  endfacet
  facet normal 0.000000e+00 0.000000e+00 -1.000000e+00
    outer loop
      vertex   -2.980000e+01 -1.100000e+01 1.610000e+01
      vertex   -2.816060e+01 -1.150059e+01 1.610000e+01
      vertex   -2.975894e+01 -1.162653e+01 1.610000e+01
    endloop
  endfacet
  facet normal 0.000000e+00 0.000000e+00 -1.000000e+00
    outer loop
      vertex   -2.975894e+01 -1.162653e+01 1.610000e+01
      vertex   -2.816060e+01 -1.150059e+01 1.610000e+01
      vertex   -2.804338e+01 -1.198885e+01 1.610000e+01
    endloop
  endfacet
  facet normal 0.000000e+00 0.000000e+00 -1.000000e+00
    outer loop
      vertex   -2.975894e+01 -1.162653e+01 1.610000e+01
      vertex   -2.804338e+01 -1.198885e+01 1.610000e+01
      vertex   -2.963644e+01 -1.224233e+01 1.610000e+01
    endloop
  endfacet
  facet normal 0.000000e+00 0.000000e+00 -1.000000e+00
    outer loop
      vertex   -2.963644e+01 -1.224233e+01 1.610000e+01
      vertex   -2.804338e+01 -1.198885e+01 1.610000e+01
      vertex   -2.785122e+01 -1.245277e+01 1.610000e+01
    endloop
  endfacet
  facet normal 0.000000e+00 0.000000e+00 -1.000000e+00
    outer loop
      vertex   -2.963644e+01 -1.224233e+01 1.610000e+01
      vertex   -2.785122e+01 -1.245277e+01 1.610000e+01
      vertex   -2.943462e+01 -1.283688e+01 1.610000e+01
    endloop
  endfacet
  facet normal 0.000000e+00 0.000000e+00 -1.000000e+00
    outer loop
      vertex   -2.943462e+01 -1.283688e+01 1.610000e+01
      vertex   -2.785122e+01 -1.245277e+01 1.610000e+01
      vertex   -2.758885e+01 -1.288091e+01 1.610000e+01
    endloop
  endfacet
  facet normal 0.000000e+00 0.000000e+00 -1.000000e+00
    outer loop
      vertex   -2.943462e+01 -1.283688e+01 1.610000e+01
      vertex   -2.758885e+01 -1.288091e+01 1.610000e+01
      vertex   -2.915692e+01 -1.340000e+01 1.610000e+01
    endloop
  endfacet
  facet normal 0.000000e+00 0.000000e+00 -1.000000e+00
    outer loop
      vertex   -2.915692e+01 -1.340000e+01 1.610000e+01
      vertex   -2.758885e+01 -1.288091e+01 1.610000e+01
      vertex   -2.726274e+01 -1.326274e+01 1.610000e+01
    endloop
  endfacet
  facet normal 0.000000e+00 0.000000e+00 -1.000000e+00
    outer loop
      vertex   -2.915692e+01 -1.340000e+01 1.610000e+01
      vertex   -2.726274e+01 -1.326274e+01 1.610000e+01
      vertex   -2.880810e+01 -1.392206e+01 1.610000e+01
    endloop
  endfacet
  facet normal 0.000000e+00 0.000000e+00 -1.000000e+00
    outer loop
      vertex   -2.880810e+01 -1.392206e+01 1.610000e+01
      vertex   -2.726274e+01 -1.326274e+01 1.610000e+01
      vertex   -2.688091e+01 -1.358885e+01 1.610000e+01
    endloop
  endfacet
  facet normal 0.000000e+00 0.000000e+00 -1.000000e+00
    outer loop
      vertex   -2.880810e+01 -1.392206e+01 1.610000e+01
      vertex   -2.688091e+01 -1.358885e+01 1.610000e+01
      vertex   -2.839411e+01 -1.439411e+01 1.610000e+01
    endloop
  endfacet
  facet normal 0.000000e+00 0.000000e+00 -1.000000e+00
    outer loop
      vertex   -2.839411e+01 -1.439411e+01 1.610000e+01
      vertex   -2.688091e+01 -1.358885e+01 1.610000e+01
      vertex   -2.645277e+01 -1.385122e+01 1.610000e+01
    endloop
  endfacet
  facet normal 0.000000e+00 0.000000e+00 -1.000000e+00
    outer loop
      vertex   -2.839411e+01 -1.439411e+01 1.610000e+01
      vertex   -2.645277e+01 -1.385122e+01 1.610000e+01
      vertex   -2.792206e+01 -1.480810e+01 1.610000e+01
    endloop
  endfacet
  facet normal 0.000000e+00 0.000000e+00 -1.000000e+00
    outer loop
      vertex   -2.792206e+01 -1.480810e+01 1.610000e+01
      vertex   -2.645277e+01 -1.385122e+01 1.610000e+01
      vertex   -2.598885e+01 -1.404338e+01 1.610000e+01
    endloop
  endfacet
  facet normal 0.000000e+00 0.000000e+00 -1.000000e+00
    outer loop
      vertex   -2.792206e+01 -1.480810e+01 1.610000e+01
      vertex   -2.598885e+01 -1.404338e+01 1.610000e+01
      vertex   -2.740000e+01 -1.515692e+01 1.610000e+01
    endloop
  endfacet
  facet normal 0.000000e+00 0.000000e+00 -1.000000e+00
    outer loop
      vertex   -2.740000e+01 -1.515692e+01 1.610000e+01
      vertex   -2.598885e+01 -1.404338e+01 1.610000e+01
      vertex   -2.550059e+01 -1.416060e+01 1.610000e+01
    endloop
  endfacet
  facet normal 0.000000e+00 0.000000e+00 -1.000000e+00
    outer loop
      vertex   -2.740000e+01 -1.515692e+01 1.610000e+01
      vertex   -2.550059e+01 -1.416060e+01 1.610000e+01
      vertex   -2.683688e+01 -1.543462e+01 1.610000e+01
    endloop
  endfacet
  facet normal 0.000000e+00 0.000000e+00 -1.000000e+00
    outer loop
      vertex   -2.683688e+01 -1.543462e+01 1.610000e+01
      vertex   -2.550059e+01 -1.416060e+01 1.610000e+01
      vertex   -2.624233e+01 -1.563644e+01 1.610000e+01
    endloop
  endfacet
  facet normal 0.000000e+00 0.000000e+00 -1.000000e+00
    outer loop
      vertex   -2.624233e+01 -1.563644e+01 1.610000e+01
      vertex   -2.550059e+01 -1.416060e+01 1.610000e+01
      vertex   -2.500000e+01 -1.420000e+01 1.610000e+01
    endloop
  endfacet
  facet normal 0.000000e+00 0.000000e+00 -1.000000e+00
    outer loop
      vertex   -2.624233e+01 -1.563644e+01 1.610000e+01
      vertex   -2.500000e+01 -1.420000e+01 1.610000e+01
      vertex   -2.562653e+01 -1.575894e+01 1.610000e+01
    endloop
  endfacet
  facet normal 0.000000e+00 0.000000e+00 -1.000000e+00
    outer loop
      vertex   -2.562653e+01 -1.575894e+01 1.610000e+01
      vertex   -2.500000e+01 -1.420000e+01 1.610000e+01
      vertex   -2.500000e+01 -1.580000e+01 1.610000e+01
    endloop
  endfacet
  facet normal 0.000000e+00 0.000000e+00 -1.000000e+00
    outer loop
      vertex   -2.500000e+01 -1.580000e+01 1.610000e+01
      vertex   -2.500000e+01 -1.420000e+01 1.610000e+01
      vertex   2.500000e+01 -1.420000e+01 1.610000e+01
    endloop
  endfacet
  facet normal 0.000000e+00 0.000000e+00 -1.000000e+00
    outer loop
      vertex   -2.500000e+01 -1.580000e+01 1.610000e+01
      vertex   2.500000e+01 -1.420000e+01 1.610000e+01
      vertex   2.500000e+01 -1.580000e+01 1.610000e+01
    endloop
  endfacet
  facet normal 0.000000e+00 0.000000e+00 -1.000000e+00
    outer loop
      vertex   2.500000e+01 -1.580000e+01 1.610000e+01
      vertex   2.500000e+01 -1.420000e+01 1.610000e+01
      vertex   2.562653e+01 -1.575894e+01 1.610000e+01
    endloop
  endfacet
  facet normal 0.000000e+00 0.000000e+00 -1.000000e+00
    outer loop
      vertex   2.562653e+01 -1.575894e+01 1.610000e+01
      vertex   2.500000e+01 -1.420000e+01 1.610000e+01
      vertex   2.624233e+01 -1.563644e+01 1.610000e+01
    endloop
  endfacet
  facet normal 0.000000e+00 0.000000e+00 -1.000000e+00
    outer loop
      vertex   2.624233e+01 -1.563644e+01 1.610000e+01
      vertex   2.500000e+01 -1.420000e+01 1.610000e+01
      vertex   2.550059e+01 -1.416060e+01 1.610000e+01
    endloop
  endfacet
  facet normal 0.000000e+00 0.000000e+00 -1.000000e+00
    outer loop
      vertex   2.624233e+01 -1.563644e+01 1.610000e+01
      vertex   2.550059e+01 -1.416060e+01 1.610000e+01
      vertex   2.683688e+01 -1.543462e+01 1.610000e+01
    endloop
  endfacet
  facet normal 0.000000e+00 0.000000e+00 -1.000000e+00
    outer loop
      vertex   2.683688e+01 -1.543462e+01 1.610000e+01
      vertex   2.550059e+01 -1.416060e+01 1.610000e+01
      vertex   2.740000e+01 -1.515692e+01 1.610000e+01
    endloop
  endfacet
  facet normal 0.000000e+00 0.000000e+00 -1.000000e+00
    outer loop
      vertex   2.740000e+01 -1.515692e+01 1.610000e+01
      vertex   2.550059e+01 -1.416060e+01 1.610000e+01
      vertex   2.598885e+01 -1.404338e+01 1.610000e+01
    endloop
  endfacet
  facet normal 0.000000e+00 0.000000e+00 -1.000000e+00
    outer loop
      vertex   2.740000e+01 -1.515692e+01 1.610000e+01
      vertex   2.598885e+01 -1.404338e+01 1.610000e+01
      vertex   2.792206e+01 -1.480810e+01 1.610000e+01
    endloop
  endfacet
  facet normal 0.000000e+00 0.000000e+00 -1.000000e+00
    outer loop
      vertex   2.792206e+01 -1.480810e+01 1.610000e+01
      vertex   2.598885e+01 -1.404338e+01 1.610000e+01
      vertex   2.645277e+01 -1.385122e+01 1.610000e+01
    endloop
  endfacet
  facet normal 0.000000e+00 0.000000e+00 -1.000000e+00
    outer loop
      vertex   2.792206e+01 -1.480810e+01 1.610000e+01
      vertex   2.645277e+01 -1.385122e+01 1.610000e+01
      vertex   2.839411e+01 -1.439411e+01 1.610000e+01
    endloop
  endfacet
  facet normal 0.000000e+00 0.000000e+00 -1.000000e+00
    outer loop
      vertex   2.839411e+01 -1.439411e+01 1.610000e+01
      vertex   2.645277e+01 -1.385122e+01 1.610000e+01
      vertex   2.688091e+01 -1.358885e+01 1.610000e+01
    endloop
  endfacet
  facet normal 0.000000e+00 0.000000e+00 -1.000000e+00
    outer loop
      vertex   2.839411e+01 -1.439411e+01 1.610000e+01
      vertex   2.688091e+01 -1.358885e+01 1.610000e+01
      vertex   2.880810e+01 -1.392206e+01 1.610000e+01
    endloop
  endfacet
  facet normal 0.000000e+00 0.000000e+00 -1.000000e+00
    outer loop
      vertex   2.880810e+01 -1.392206e+01 1.610000e+01
      vertex   2.688091e+01 -1.358885e+01 1.610000e+01
      vertex   2.726274e+01 -1.326274e+01 1.610000e+01
    endloop
  endfacet
  facet normal 0.000000e+00 0.000000e+00 -1.000000e+00
    outer loop
      vertex   2.880810e+01 -1.392206e+01 1.610000e+01
      vertex   2.726274e+01 -1.326274e+01 1.610000e+01
      vertex   2.915692e+01 -1.340000e+01 1.610000e+01
    endloop
  endfacet
  facet normal 0.000000e+00 0.000000e+00 -1.000000e+00
    outer loop
      vertex   2.915692e+01 -1.340000e+01 1.610000e+01
      vertex   2.726274e+01 -1.326274e+01 1.610000e+01
      vertex   2.758885e+01 -1.288091e+01 1.610000e+01
    endloop
  endfacet
  facet normal 0.000000e+00 0.000000e+00 -1.000000e+00
    outer loop
      vertex   2.915692e+01 -1.340000e+01 1.610000e+01
      vertex   2.758885e+01 -1.288091e+01 1.610000e+01
      vertex   2.943462e+01 -1.283688e+01 1.610000e+01
    endloop
  endfacet
  facet normal -0.000000e+00 0.000000e+00 -1.000000e+00
    outer loop
      vertex   2.943462e+01 -1.283688e+01 1.610000e+01
      vertex   2.758885e+01 -1.288091e+01 1.610000e+01
      vertex   2.785122e+01 -1.245277e+01 1.610000e+01
    endloop
  endfacet
  facet normal 0.000000e+00 0.000000e+00 -1.000000e+00
    outer loop
      vertex   2.943462e+01 -1.283688e+01 1.610000e+01
      vertex   2.785122e+01 -1.245277e+01 1.610000e+01
      vertex   2.963644e+01 -1.224233e+01 1.610000e+01
    endloop
  endfacet
  facet normal -0.000000e+00 0.000000e+00 -1.000000e+00
    outer loop
      vertex   2.963644e+01 -1.224233e+01 1.610000e+01
      vertex   2.785122e+01 -1.245277e+01 1.610000e+01
      vertex   2.804338e+01 -1.198885e+01 1.610000e+01
    endloop
  endfacet
  facet normal 0.000000e+00 0.000000e+00 -1.000000e+00
    outer loop
      vertex   2.963644e+01 -1.224233e+01 1.610000e+01
      vertex   2.804338e+01 -1.198885e+01 1.610000e+01
      vertex   2.975894e+01 -1.162653e+01 1.610000e+01
    endloop
  endfacet
  facet normal -0.000000e+00 0.000000e+00 -1.000000e+00
    outer loop
      vertex   2.975894e+01 -1.162653e+01 1.610000e+01
      vertex   2.804338e+01 -1.198885e+01 1.610000e+01
      vertex   2.816060e+01 -1.150059e+01 1.610000e+01
    endloop
  endfacet
  facet normal 0.000000e+00 0.000000e+00 -1.000000e+00
    outer loop
      vertex   2.975894e+01 -1.162653e+01 1.610000e+01
      vertex   2.816060e+01 -1.150059e+01 1.610000e+01
      vertex   2.980000e+01 -1.100000e+01 1.610000e+01
    endloop
  endfacet
  facet normal -0.000000e+00 0.000000e+00 -1.000000e+00
    outer loop
      vertex   2.980000e+01 -1.100000e+01 1.610000e+01
      vertex   2.816060e+01 -1.150059e+01 1.610000e+01
      vertex   2.820000e+01 -1.100000e+01 1.610000e+01
    endloop
  endfacet
  facet normal 0.000000e+00 0.000000e+00 -1.000000e+00
    outer loop
      vertex   2.980000e+01 -1.100000e+01 1.610000e+01
      vertex   2.820000e+01 -1.100000e+01 1.610000e+01
      vertex   2.980000e+01 1.100000e+01 1.610000e+01
    endloop
  endfacet
  facet normal -0.000000e+00 0.000000e+00 -1.000000e+00
    outer loop
      vertex   2.980000e+01 1.100000e+01 1.610000e+01
      vertex   2.820000e+01 -1.100000e+01 1.610000e+01
      vertex   2.820000e+01 1.100000e+01 1.610000e+01
    endloop
  endfacet
  facet normal 0.000000e+00 0.000000e+00 -1.000000e+00
    outer loop
      vertex   2.980000e+01 1.100000e+01 1.610000e+01
      vertex   2.820000e+01 1.100000e+01 1.610000e+01
      vertex   2.816060e+01 1.150059e+01 1.610000e+01
    endloop
  endfacet
  facet normal 0.000000e+00 0.000000e+00 -1.000000e+00
    outer loop
      vertex   2.980000e+01 1.100000e+01 1.610000e+01
      vertex   2.816060e+01 1.150059e+01 1.610000e+01
      vertex   2.975894e+01 1.162653e+01 1.610000e+01
    endloop
  endfacet
  facet normal -0.000000e+00 0.000000e+00 -1.000000e+00
    outer loop
      vertex   2.975894e+01 1.162653e+01 1.610000e+01
      vertex   2.816060e+01 1.150059e+01 1.610000e+01
      vertex   2.804338e+01 1.198885e+01 1.610000e+01
    endloop
  endfacet
  facet normal 0.000000e+00 0.000000e+00 -1.000000e+00
    outer loop
      vertex   2.975894e+01 1.162653e+01 1.610000e+01
      vertex   2.804338e+01 1.198885e+01 1.610000e+01
      vertex   2.963644e+01 1.224233e+01 1.610000e+01
    endloop
  endfacet
  facet normal -0.000000e+00 0.000000e+00 -1.000000e+00
    outer loop
      vertex   2.963644e+01 1.224233e+01 1.610000e+01
      vertex   2.804338e+01 1.198885e+01 1.610000e+01
      vertex   2.785122e+01 1.245277e+01 1.610000e+01
    endloop
  endfacet
  facet normal 0.000000e+00 0.000000e+00 -1.000000e+00
    outer loop
      vertex   2.963644e+01 1.224233e+01 1.610000e+01
      vertex   2.785122e+01 1.245277e+01 1.610000e+01
      vertex   2.943462e+01 1.283688e+01 1.610000e+01
    endloop
  endfacet
  facet normal -0.000000e+00 0.000000e+00 -1.000000e+00
    outer loop
      vertex   2.943462e+01 1.283688e+01 1.610000e+01
      vertex   2.785122e+01 1.245277e+01 1.610000e+01
      vertex   2.758885e+01 1.288091e+01 1.610000e+01
    endloop
  endfacet
  facet normal 0.000000e+00 0.000000e+00 -1.000000e+00
    outer loop
      vertex   2.943462e+01 1.283688e+01 1.610000e+01
      vertex   2.758885e+01 1.288091e+01 1.610000e+01
      vertex   2.915692e+01 1.340000e+01 1.610000e+01
    endloop
  endfacet
  facet normal 0.000000e+00 0.000000e+00 -1.000000e+00
    outer loop
      vertex   2.915692e+01 1.340000e+01 1.610000e+01
      vertex   2.758885e+01 1.288091e+01 1.610000e+01
      vertex   2.726274e+01 1.326274e+01 1.610000e+01
    endloop
  endfacet
  facet normal -0.000000e+00 0.000000e+00 -1.000000e+00
    outer loop
      vertex   2.915692e+01 1.340000e+01 1.610000e+01
      vertex   2.726274e+01 1.326274e+01 1.610000e+01
      vertex   2.880810e+01 1.392206e+01 1.610000e+01
    endloop
  endfacet
  facet normal 0.000000e+00 0.000000e+00 -1.000000e+00
    outer loop
      vertex   2.880810e+01 1.392206e+01 1.610000e+01
      vertex   2.726274e+01 1.326274e+01 1.610000e+01
      vertex   2.688091e+01 1.358885e+01 1.610000e+01
    endloop
  endfacet
  facet normal -0.000000e+00 0.000000e+00 -1.000000e+00
    outer loop
      vertex   2.880810e+01 1.392206e+01 1.610000e+01
      vertex   2.688091e+01 1.358885e+01 1.610000e+01
      vertex   2.839411e+01 1.439411e+01 1.610000e+01
    endloop
  endfacet
  facet normal 0.000000e+00 0.000000e+00 -1.000000e+00
    outer loop
      vertex   2.839411e+01 1.439411e+01 1.610000e+01
      vertex   2.688091e+01 1.358885e+01 1.610000e+01
      vertex   2.645277e+01 1.385122e+01 1.610000e+01
    endloop
  endfacet
  facet normal -0.000000e+00 0.000000e+00 -1.000000e+00
    outer loop
      vertex   2.839411e+01 1.439411e+01 1.610000e+01
      vertex   2.645277e+01 1.385122e+01 1.610000e+01
      vertex   2.792206e+01 1.480810e+01 1.610000e+01
    endloop
  endfacet
  facet normal 0.000000e+00 0.000000e+00 -1.000000e+00
    outer loop
      vertex   2.792206e+01 1.480810e+01 1.610000e+01
      vertex   2.645277e+01 1.385122e+01 1.610000e+01
      vertex   2.598885e+01 1.404338e+01 1.610000e+01
    endloop
  endfacet
  facet normal -0.000000e+00 0.000000e+00 -1.000000e+00
    outer loop
      vertex   2.792206e+01 1.480810e+01 1.610000e+01
      vertex   2.598885e+01 1.404338e+01 1.610000e+01
      vertex   2.740000e+01 1.515692e+01 1.610000e+01
    endloop
  endfacet
  facet normal 0.000000e+00 0.000000e+00 -1.000000e+00
    outer loop
      vertex   2.740000e+01 1.515692e+01 1.610000e+01
      vertex   2.598885e+01 1.404338e+01 1.610000e+01
      vertex   2.550059e+01 1.416060e+01 1.610000e+01
    endloop
  endfacet
  facet normal -0.000000e+00 0.000000e+00 -1.000000e+00
    outer loop
      vertex   2.740000e+01 1.515692e+01 1.610000e+01
      vertex   2.550059e+01 1.416060e+01 1.610000e+01
      vertex   2.683688e+01 1.543462e+01 1.610000e+01
    endloop
  endfacet
  facet normal -0.000000e+00 0.000000e+00 -1.000000e+00
    outer loop
      vertex   2.683688e+01 1.543462e+01 1.610000e+01
      vertex   2.550059e+01 1.416060e+01 1.610000e+01
      vertex   2.624233e+01 1.563644e+01 1.610000e+01
    endloop
  endfacet
  facet normal 0.000000e+00 0.000000e+00 -1.000000e+00
    outer loop
      vertex   2.624233e+01 1.563644e+01 1.610000e+01
      vertex   2.550059e+01 1.416060e+01 1.610000e+01
      vertex   2.500000e+01 1.420000e+01 1.610000e+01
    endloop
  endfacet
  facet normal -0.000000e+00 0.000000e+00 -1.000000e+00
    outer loop
      vertex   2.624233e+01 1.563644e+01 1.610000e+01
      vertex   2.500000e+01 1.420000e+01 1.610000e+01
      vertex   2.562653e+01 1.575894e+01 1.610000e+01
    endloop
  endfacet
  facet normal -0.000000e+00 0.000000e+00 -1.000000e+00
    outer loop
      vertex   2.562653e+01 1.575894e+01 1.610000e+01
      vertex   2.500000e+01 1.420000e+01 1.610000e+01
      vertex   2.500000e+01 1.580000e+01 1.610000e+01
    endloop
  endfacet
  facet normal 0.000000e+00 0.000000e+00 -1.000000e+00
    outer loop
      vertex   2.500000e+01 1.580000e+01 1.610000e+01
      vertex   2.500000e+01 1.420000e+01 1.610000e+01
      vertex   -2.500000e+01 1.420000e+01 1.610000e+01
    endloop
  endfacet
  facet normal 0.000000e+00 0.000000e+00 -1.000000e+00
    outer loop
      vertex   2.500000e+01 1.580000e+01 1.610000e+01
      vertex   -2.500000e+01 1.420000e+01 1.610000e+01
      vertex   -2.500000e+01 1.580000e+01 1.610000e+01
    endloop
  endfacet
  facet normal 0.000000e+00 0.000000e+00 -1.000000e+00
    outer loop
      vertex   -3.100000e+01 1.100000e+01 1.900000e+01
      vertex   -2.980000e+01 1.100000e+01 1.900000e+01
      vertex   -3.100000e+01 -1.100000e+01 1.900000e+01
    endloop
  endfacet
  facet normal 0.000000e+00 0.000000e+00 -1.000000e+00
    outer loop
      vertex   -3.100000e+01 -1.100000e+01 1.900000e+01
      vertex   -2.980000e+01 1.100000e+01 1.900000e+01
      vertex   -2.980000e+01 -1.100000e+01 1.900000e+01
    endloop
  endfacet
  facet normal 0.000000e+00 0.000000e+00 -1.000000e+00
    outer loop
      vertex   -3.100000e+01 -1.100000e+01 1.900000e+01
      vertex   -2.980000e+01 -1.100000e+01 1.900000e+01
      vertex   -2.975894e+01 -1.162653e+01 1.900000e+01
    endloop
  endfacet
  facet normal 0.000000e+00 0.000000e+00 -1.000000e+00
    outer loop
      vertex   -2.980000e+01 1.100000e+01 1.900000e+01
      vertex   -3.100000e+01 1.100000e+01 1.900000e+01
      vertex   -2.975894e+01 1.162653e+01 1.900000e+01
    endloop
  endfacet
  facet normal -0.000000e+00 0.000000e+00 -1.000000e+00
    outer loop
      vertex   -2.975894e+01 1.162653e+01 1.900000e+01
      vertex   -3.100000e+01 1.100000e+01 1.900000e+01
      vertex   -3.095625e+01 1.172322e+01 1.900000e+01
    endloop
  endfacet
  facet normal 0.000000e+00 0.000000e+00 -1.000000e+00
    outer loop
      vertex   -2.975894e+01 1.162653e+01 1.900000e+01
      vertex   -3.095625e+01 1.172322e+01 1.900000e+01
      vertex   -2.963644e+01 1.224233e+01 1.900000e+01
    endloop
  endfacet
  facet normal -0.000000e+00 0.000000e+00 -1.000000e+00
    outer loop
      vertex   -2.963644e+01 1.224233e+01 1.900000e+01
      vertex   -3.095625e+01 1.172322e+01 1.900000e+01
      vertex   -3.082565e+01 1.243589e+01 1.900000e+01
    endloop
  endfacet
  facet normal 0.000000e+00 0.000000e+00 -1.000000e+00
    outer loop
      vertex   -2.963644e+01 1.224233e+01 1.900000e+01
      vertex   -3.082565e+01 1.243589e+01 1.900000e+01
      vertex   -2.943462e+01 1.283688e+01 1.900000e+01
    endloop
  endfacet
  facet normal -0.000000e+00 0.000000e+00 -1.000000e+00
    outer loop
      vertex   -2.943462e+01 1.283688e+01 1.900000e+01
      vertex   -3.082565e+01 1.243589e+01 1.900000e+01
      vertex   -3.061010e+01 1.312763e+01 1.900000e+01
    endloop
  endfacet
  facet normal 0.000000e+00 0.000000e+00 -1.000000e+00
    outer loop
      vertex   -2.943462e+01 1.283688e+01 1.900000e+01
      vertex   -3.061010e+01 1.312763e+01 1.900000e+01
      vertex   -2.915692e+01 1.340000e+01 1.900000e+01
    endloop
  endfacet
  facet normal -0.000000e+00 0.000000e+00 -1.000000e+00
    outer loop
      vertex   -2.915692e+01 1.340000e+01 1.900000e+01
      vertex   -3.061010e+01 1.312763e+01 1.900000e+01
      vertex   -3.031274e+01 1.378834e+01 1.900000e+01
    endloop
  endfacet
  facet normal 0.000000e+00 0.000000e+00 -1.000000e+00
    outer loop
      vertex   -2.915692e+01 1.340000e+01 1.900000e+01
      vertex   -3.031274e+01 1.378834e+01 1.900000e+01
      vertex   -2.880810e+01 1.392206e+01 1.900000e+01
    endloop
  endfacet
  facet normal -0.000000e+00 0.000000e+00 -1.000000e+00
    outer loop
      vertex   -2.880810e+01 1.392206e+01 1.900000e+01
      vertex   -3.031274e+01 1.378834e+01 1.900000e+01
      vertex   -2.993790e+01 1.440839e+01 1.900000e+01
    endloop
  endfacet
  facet normal 0.000000e+00 0.000000e+00 -1.000000e+00
    outer loop
      vertex   -2.880810e+01 1.392206e+01 1.900000e+01
      vertex   -2.993790e+01 1.440839e+01 1.900000e+01
      vertex   -2.839411e+01 1.439411e+01 1.900000e+01
    endloop
  endfacet
  facet normal 0.000000e+00 0.000000e+00 -1.000000e+00
    outer loop
      vertex   -2.839411e+01 1.439411e+01 1.900000e+01
      vertex   -2.993790e+01 1.440839e+01 1.900000e+01
      vertex   -2.949106e+01 1.497874e+01 1.900000e+01
    endloop
  endfacet
  facet normal 0.000000e+00 0.000000e+00 -1.000000e+00
    outer loop
      vertex   -2.839411e+01 1.439411e+01 1.900000e+01
      vertex   -2.949106e+01 1.497874e+01 1.900000e+01
      vertex   -2.792206e+01 1.480810e+01 1.900000e+01
    endloop
  endfacet
  facet normal 0.000000e+00 0.000000e+00 -1.000000e+00
    outer loop
      vertex   -2.792206e+01 1.480810e+01 1.900000e+01
      vertex   -2.949106e+01 1.497874e+01 1.900000e+01
      vertex   -2.897874e+01 1.549106e+01 1.900000e+01
    endloop
  endfacet
  facet normal 0.000000e+00 0.000000e+00 -1.000000e+00
    outer loop
      vertex   -2.792206e+01 1.480810e+01 1.900000e+01
      vertex   -2.897874e+01 1.549106e+01 1.900000e+01
      vertex   -2.740000e+01 1.515692e+01 1.900000e+01
    endloop
  endfacet
  facet normal 0.000000e+00 0.000000e+00 -1.000000e+00
    outer loop
      vertex   -2.740000e+01 1.515692e+01 1.900000e+01
      vertex   -2.897874e+01 1.549106e+01 1.900000e+01
      vertex   -2.840839e+01 1.593790e+01 1.900000e+01
    endloop
  endfacet
  facet normal 0.000000e+00 0.000000e+00 -1.000000e+00
    outer loop
      vertex   -2.740000e+01 1.515692e+01 1.900000e+01
      vertex   -2.840839e+01 1.593790e+01 1.900000e+01
      vertex   -2.683688e+01 1.543462e+01 1.900000e+01
    endloop
  endfacet
  facet normal 0.000000e+00 0.000000e+00 -1.000000e+00
    outer loop
      vertex   -2.683688e+01 1.543462e+01 1.900000e+01
      vertex   -2.840839e+01 1.593790e+01 1.900000e+01
      vertex   -2.778834e+01 1.631274e+01 1.900000e+01
    endloop
  endfacet
  facet normal 0.000000e+00 0.000000e+00 -1.000000e+00
    outer loop
      vertex   -2.683688e+01 1.543462e+01 1.900000e+01
      vertex   -2.778834e+01 1.631274e+01 1.900000e+01
      vertex   -2.624233e+01 1.563644e+01 1.900000e+01
    endloop
  endfacet
  facet normal 0.000000e+00 0.000000e+00 -1.000000e+00
    outer loop
      vertex   -2.624233e+01 1.563644e+01 1.900000e+01
      vertex   -2.778834e+01 1.631274e+01 1.900000e+01
      vertex   -2.712763e+01 1.661010e+01 1.900000e+01
    endloop
  endfacet
  facet normal 0.000000e+00 0.000000e+00 -1.000000e+00
    outer loop
      vertex   -2.624233e+01 1.563644e+01 1.900000e+01
      vertex   -2.712763e+01 1.661010e+01 1.900000e+01
      vertex   -2.643589e+01 1.682565e+01 1.900000e+01
    endloop
  endfacet
  facet normal 0.000000e+00 0.000000e+00 -1.000000e+00
    outer loop
      vertex   -2.624233e+01 1.563644e+01 1.900000e+01
      vertex   -2.643589e+01 1.682565e+01 1.900000e+01
      vertex   -2.562653e+01 1.575894e+01 1.900000e+01
    endloop
  endfacet
  facet normal 0.000000e+00 0.000000e+00 -1.000000e+00
    outer loop
      vertex   -2.562653e+01 1.575894e+01 1.900000e+01
      vertex   -2.643589e+01 1.682565e+01 1.900000e+01
      vertex   -2.572322e+01 1.695625e+01 1.900000e+01
    endloop
  endfacet
  facet normal 0.000000e+00 0.000000e+00 -1.000000e+00
    outer loop
      vertex   -2.562653e+01 1.575894e+01 1.900000e+01
      vertex   -2.572322e+01 1.695625e+01 1.900000e+01
      vertex   -2.500000e+01 1.580000e+01 1.900000e+01
    endloop
  endfacet
  facet normal 0.000000e+00 0.000000e+00 -1.000000e+00
    outer loop
      vertex   -2.500000e+01 1.580000e+01 1.900000e+01
      vertex   -2.572322e+01 1.695625e+01 1.900000e+01
      vertex   -2.500000e+01 1.700000e+01 1.900000e+01
    endloop
  endfacet
  facet normal 0.000000e+00 0.000000e+00 -1.000000e+00
    outer loop
      vertex   -2.500000e+01 1.580000e+01 1.900000e+01
      vertex   -2.500000e+01 1.700000e+01 1.900000e+01
      vertex   2.500000e+01 1.700000e+01 1.900000e+01
    endloop
  endfacet
  facet normal 0.000000e+00 0.000000e+00 -1.000000e+00
    outer loop
      vertex   -2.500000e+01 1.580000e+01 1.900000e+01
      vertex   2.500000e+01 1.700000e+01 1.900000e+01
      vertex   2.500000e+01 1.580000e+01 1.900000e+01
    endloop
  endfacet
  facet normal 0.000000e+00 0.000000e+00 -1.000000e+00
    outer loop
      vertex   2.500000e+01 1.580000e+01 1.900000e+01
      vertex   2.500000e+01 1.700000e+01 1.900000e+01
      vertex   2.572322e+01 1.695625e+01 1.900000e+01
    endloop
  endfacet
  facet normal 0.000000e+00 0.000000e+00 -1.000000e+00
    outer loop
      vertex   2.500000e+01 1.580000e+01 1.900000e+01
      vertex   2.572322e+01 1.695625e+01 1.900000e+01
      vertex   2.562653e+01 1.575894e+01 1.900000e+01
    endloop
  endfacet
  facet normal 0.000000e+00 0.000000e+00 -1.000000e+00
    outer loop
      vertex   2.562653e+01 1.575894e+01 1.900000e+01
      vertex   2.572322e+01 1.695625e+01 1.900000e+01
      vertex   2.643589e+01 1.682565e+01 1.900000e+01
    endloop
  endfacet
  facet normal 0.000000e+00 0.000000e+00 -1.000000e+00
    outer loop
      vertex   2.562653e+01 1.575894e+01 1.900000e+01
      vertex   2.643589e+01 1.682565e+01 1.900000e+01
      vertex   2.624233e+01 1.563644e+01 1.900000e+01
    endloop
  endfacet
  facet normal 0.000000e+00 0.000000e+00 -1.000000e+00
    outer loop
      vertex   2.624233e+01 1.563644e+01 1.900000e+01
      vertex   2.643589e+01 1.682565e+01 1.900000e+01
      vertex   2.712763e+01 1.661010e+01 1.900000e+01
    endloop
  endfacet
  facet normal 0.000000e+00 0.000000e+00 -1.000000e+00
    outer loop
      vertex   2.624233e+01 1.563644e+01 1.900000e+01
      vertex   2.712763e+01 1.661010e+01 1.900000e+01
      vertex   2.778834e+01 1.631274e+01 1.900000e+01
    endloop
  endfacet
  facet normal 0.000000e+00 0.000000e+00 -1.000000e+00
    outer loop
      vertex   2.624233e+01 1.563644e+01 1.900000e+01
      vertex   2.778834e+01 1.631274e+01 1.900000e+01
      vertex   2.683688e+01 1.543462e+01 1.900000e+01
    endloop
  endfacet
  facet normal 0.000000e+00 0.000000e+00 -1.000000e+00
    outer loop
      vertex   2.683688e+01 1.543462e+01 1.900000e+01
      vertex   2.778834e+01 1.631274e+01 1.900000e+01
      vertex   2.840839e+01 1.593790e+01 1.900000e+01
    endloop
  endfacet
  facet normal 0.000000e+00 0.000000e+00 -1.000000e+00
    outer loop
      vertex   2.683688e+01 1.543462e+01 1.900000e+01
      vertex   2.840839e+01 1.593790e+01 1.900000e+01
      vertex   2.740000e+01 1.515692e+01 1.900000e+01
    endloop
  endfacet
  facet normal 0.000000e+00 0.000000e+00 -1.000000e+00
    outer loop
      vertex   2.740000e+01 1.515692e+01 1.900000e+01
      vertex   2.840839e+01 1.593790e+01 1.900000e+01
      vertex   2.897874e+01 1.549106e+01 1.900000e+01
    endloop
  endfacet
  facet normal 0.000000e+00 0.000000e+00 -1.000000e+00
    outer loop
      vertex   2.740000e+01 1.515692e+01 1.900000e+01
      vertex   2.897874e+01 1.549106e+01 1.900000e+01
      vertex   2.792206e+01 1.480810e+01 1.900000e+01
    endloop
  endfacet
  facet normal 0.000000e+00 0.000000e+00 -1.000000e+00
    outer loop
      vertex   2.792206e+01 1.480810e+01 1.900000e+01
      vertex   2.897874e+01 1.549106e+01 1.900000e+01
      vertex   2.949106e+01 1.497874e+01 1.900000e+01
    endloop
  endfacet
  facet normal 0.000000e+00 0.000000e+00 -1.000000e+00
    outer loop
      vertex   2.792206e+01 1.480810e+01 1.900000e+01
      vertex   2.949106e+01 1.497874e+01 1.900000e+01
      vertex   2.839411e+01 1.439411e+01 1.900000e+01
    endloop
  endfacet
  facet normal 0.000000e+00 0.000000e+00 -1.000000e+00
    outer loop
      vertex   2.839411e+01 1.439411e+01 1.900000e+01
      vertex   2.949106e+01 1.497874e+01 1.900000e+01
      vertex   2.993790e+01 1.440839e+01 1.900000e+01
    endloop
  endfacet
  facet normal 0.000000e+00 0.000000e+00 -1.000000e+00
    outer loop
      vertex   2.839411e+01 1.439411e+01 1.900000e+01
      vertex   2.993790e+01 1.440839e+01 1.900000e+01
      vertex   2.880810e+01 1.392206e+01 1.900000e+01
    endloop
  endfacet
  facet normal 0.000000e+00 0.000000e+00 -1.000000e+00
    outer loop
      vertex   2.880810e+01 1.392206e+01 1.900000e+01
      vertex   2.993790e+01 1.440839e+01 1.900000e+01
      vertex   3.031274e+01 1.378834e+01 1.900000e+01
    endloop
  endfacet
  facet normal 0.000000e+00 0.000000e+00 -1.000000e+00
    outer loop
      vertex   2.880810e+01 1.392206e+01 1.900000e+01
      vertex   3.031274e+01 1.378834e+01 1.900000e+01
      vertex   2.915692e+01 1.340000e+01 1.900000e+01
    endloop
  endfacet
  facet normal 0.000000e+00 0.000000e+00 -1.000000e+00
    outer loop
      vertex   2.915692e+01 1.340000e+01 1.900000e+01
      vertex   3.031274e+01 1.378834e+01 1.900000e+01
      vertex   3.061010e+01 1.312763e+01 1.900000e+01
    endloop
  endfacet
  facet normal 0.000000e+00 0.000000e+00 -1.000000e+00
    outer loop
      vertex   2.915692e+01 1.340000e+01 1.900000e+01
      vertex   3.061010e+01 1.312763e+01 1.900000e+01
      vertex   2.943462e+01 1.283688e+01 1.900000e+01
    endloop
  endfacet
  facet normal 0.000000e+00 0.000000e+00 -1.000000e+00
    outer loop
      vertex   2.943462e+01 1.283688e+01 1.900000e+01
      vertex   3.061010e+01 1.312763e+01 1.900000e+01
      vertex   3.082565e+01 1.243589e+01 1.900000e+01
    endloop
  endfacet
  facet normal 0.000000e+00 0.000000e+00 -1.000000e+00
    outer loop
      vertex   2.943462e+01 1.283688e+01 1.900000e+01
      vertex   3.082565e+01 1.243589e+01 1.900000e+01
      vertex   2.963644e+01 1.224233e+01 1.900000e+01
    endloop
  endfacet
  facet normal 0.000000e+00 0.000000e+00 -1.000000e+00
    outer loop
      vertex   2.963644e+01 1.224233e+01 1.900000e+01
      vertex   3.082565e+01 1.243589e+01 1.900000e+01
      vertex   3.095625e+01 1.172322e+01 1.900000e+01
    endloop
  endfacet
  facet normal 0.000000e+00 0.000000e+00 -1.000000e+00
    outer loop
      vertex   2.963644e+01 1.224233e+01 1.900000e+01
      vertex   3.095625e+01 1.172322e+01 1.900000e+01
      vertex   2.975894e+01 1.162653e+01 1.900000e+01
    endloop
  endfacet
  facet normal 0.000000e+00 0.000000e+00 -1.000000e+00
    outer loop
      vertex   2.975894e+01 1.162653e+01 1.900000e+01
      vertex   3.095625e+01 1.172322e+01 1.900000e+01
      vertex   3.100000e+01 1.100000e+01 1.900000e+01
    endloop
  endfacet
  facet normal 0.000000e+00 0.000000e+00 -1.000000e+00
    outer loop
      vertex   2.975894e+01 1.162653e+01 1.900000e+01
      vertex   3.100000e+01 1.100000e+01 1.900000e+01
      vertex   2.980000e+01 1.100000e+01 1.900000e+01
    endloop
  endfacet
  facet normal 0.000000e+00 0.000000e+00 -1.000000e+00
    outer loop
      vertex   2.980000e+01 1.100000e+01 1.900000e+01
      vertex   3.100000e+01 1.100000e+01 1.900000e+01
      vertex   2.980000e+01 -1.100000e+01 1.900000e+01
    endloop
  endfacet
  facet normal 0.000000e+00 0.000000e+00 -1.000000e+00
    outer loop
      vertex   2.980000e+01 -1.100000e+01 1.900000e+01
      vertex   3.100000e+01 1.100000e+01 1.900000e+01
      vertex   3.100000e+01 -1.100000e+01 1.900000e+01
    endloop
  endfacet
  facet normal 0.000000e+00 -0.000000e+00 -1.000000e+00
    outer loop
      vertex   2.980000e+01 -1.100000e+01 1.900000e+01
      vertex   3.100000e+01 -1.100000e+01 1.900000e+01
      vertex   2.975894e+01 -1.162653e+01 1.900000e+01
    endloop
  endfacet
  facet normal 0.000000e+00 0.000000e+00 -1.000000e+00
    outer loop
      vertex   2.975894e+01 -1.162653e+01 1.900000e+01
      vertex   3.100000e+01 -1.100000e+01 1.900000e+01
      vertex   3.095625e+01 -1.172322e+01 1.900000e+01
    endloop
  endfacet
  facet normal 0.000000e+00 -0.000000e+00 -1.000000e+00
    outer loop
      vertex   2.975894e+01 -1.162653e+01 1.900000e+01
      vertex   3.095625e+01 -1.172322e+01 1.900000e+01
      vertex   2.963644e+01 -1.224233e+01 1.900000e+01
    endloop
  endfacet
  facet normal 0.000000e+00 0.000000e+00 -1.000000e+00
    outer loop
      vertex   2.963644e+01 -1.224233e+01 1.900000e+01
      vertex   3.095625e+01 -1.172322e+01 1.900000e+01
      vertex   3.082565e+01 -1.243589e+01 1.900000e+01
    endloop
  endfacet
  facet normal 0.000000e+00 -0.000000e+00 -1.000000e+00
    outer loop
      vertex   2.963644e+01 -1.224233e+01 1.900000e+01
      vertex   3.082565e+01 -1.243589e+01 1.900000e+01
      vertex   2.943462e+01 -1.283688e+01 1.900000e+01
    endloop
  endfacet
  facet normal 0.000000e+00 0.000000e+00 -1.000000e+00
    outer loop
      vertex   2.943462e+01 -1.283688e+01 1.900000e+01
      vertex   3.082565e+01 -1.243589e+01 1.900000e+01
      vertex   3.061010e+01 -1.312763e+01 1.900000e+01
    endloop
  endfacet
  facet normal 0.000000e+00 -0.000000e+00 -1.000000e+00
    outer loop
      vertex   2.943462e+01 -1.283688e+01 1.900000e+01
      vertex   3.061010e+01 -1.312763e+01 1.900000e+01
      vertex   2.915692e+01 -1.340000e+01 1.900000e+01
    endloop
  endfacet
  facet normal 0.000000e+00 0.000000e+00 -1.000000e+00
    outer loop
      vertex   2.915692e+01 -1.340000e+01 1.900000e+01
      vertex   3.061010e+01 -1.312763e+01 1.900000e+01
      vertex   3.031274e+01 -1.378834e+01 1.900000e+01
    endloop
  endfacet
  facet normal 0.000000e+00 -0.000000e+00 -1.000000e+00
    outer loop
      vertex   2.915692e+01 -1.340000e+01 1.900000e+01
      vertex   3.031274e+01 -1.378834e+01 1.900000e+01
      vertex   2.880810e+01 -1.392206e+01 1.900000e+01
    endloop
  endfacet
  facet normal 0.000000e+00 0.000000e+00 -1.000000e+00
    outer loop
      vertex   2.880810e+01 -1.392206e+01 1.900000e+01
      vertex   3.031274e+01 -1.378834e+01 1.900000e+01
      vertex   2.993790e+01 -1.440839e+01 1.900000e+01
    endloop
  endfacet
  facet normal 0.000000e+00 -0.000000e+00 -1.000000e+00
    outer loop
      vertex   2.880810e+01 -1.392206e+01 1.900000e+01
      vertex   2.993790e+01 -1.440839e+01 1.900000e+01
      vertex   2.839411e+01 -1.439411e+01 1.900000e+01
    endloop
  endfacet
  facet normal 0.000000e+00 0.000000e+00 -1.000000e+00
    outer loop
      vertex   2.839411e+01 -1.439411e+01 1.900000e+01
      vertex   2.993790e+01 -1.440839e+01 1.900000e+01
      vertex   2.949106e+01 -1.497874e+01 1.900000e+01
    endloop
  endfacet
  facet normal 0.000000e+00 -0.000000e+00 -1.000000e+00
    outer loop
      vertex   2.839411e+01 -1.439411e+01 1.900000e+01
      vertex   2.949106e+01 -1.497874e+01 1.900000e+01
      vertex   2.792206e+01 -1.480810e+01 1.900000e+01
    endloop
  endfacet
  facet normal 0.000000e+00 0.000000e+00 -1.000000e+00
    outer loop
      vertex   2.792206e+01 -1.480810e+01 1.900000e+01
      vertex   2.949106e+01 -1.497874e+01 1.900000e+01
      vertex   2.897874e+01 -1.549106e+01 1.900000e+01
    endloop
  endfacet
  facet normal 0.000000e+00 -0.000000e+00 -1.000000e+00
    outer loop
      vertex   2.792206e+01 -1.480810e+01 1.900000e+01
      vertex   2.897874e+01 -1.549106e+01 1.900000e+01
      vertex   2.740000e+01 -1.515692e+01 1.900000e+01
    endloop
  endfacet
  facet normal 0.000000e+00 0.000000e+00 -1.000000e+00
    outer loop
      vertex   2.740000e+01 -1.515692e+01 1.900000e+01
      vertex   2.897874e+01 -1.549106e+01 1.900000e+01
      vertex   2.840839e+01 -1.593790e+01 1.900000e+01
    endloop
  endfacet
  facet normal 0.000000e+00 -0.000000e+00 -1.000000e+00
    outer loop
      vertex   2.740000e+01 -1.515692e+01 1.900000e+01
      vertex   2.840839e+01 -1.593790e+01 1.900000e+01
      vertex   2.683688e+01 -1.543462e+01 1.900000e+01
    endloop
  endfacet
  facet normal 0.000000e+00 0.000000e+00 -1.000000e+00
    outer loop
      vertex   2.683688e+01 -1.543462e+01 1.900000e+01
      vertex   2.840839e+01 -1.593790e+01 1.900000e+01
      vertex   2.778834e+01 -1.631274e+01 1.900000e+01
    endloop
  endfacet
  facet normal 0.000000e+00 -0.000000e+00 -1.000000e+00
    outer loop
      vertex   2.683688e+01 -1.543462e+01 1.900000e+01
      vertex   2.778834e+01 -1.631274e+01 1.900000e+01
      vertex   2.624233e+01 -1.563644e+01 1.900000e+01
    endloop
  endfacet
  facet normal 0.000000e+00 0.000000e+00 -1.000000e+00
    outer loop
      vertex   2.624233e+01 -1.563644e+01 1.900000e+01
      vertex   2.778834e+01 -1.631274e+01 1.900000e+01
      vertex   2.712763e+01 -1.661010e+01 1.900000e+01
    endloop
  endfacet
  facet normal 0.000000e+00 0.000000e+00 -1.000000e+00
    outer loop
      vertex   2.624233e+01 -1.563644e+01 1.900000e+01
      vertex   2.712763e+01 -1.661010e+01 1.900000e+01
      vertex   2.643589e+01 -1.682565e+01 1.900000e+01
    endloop
  endfacet
  facet normal 0.000000e+00 -0.000000e+00 -1.000000e+00
    outer loop
      vertex   2.624233e+01 -1.563644e+01 1.900000e+01
      vertex   2.643589e+01 -1.682565e+01 1.900000e+01
      vertex   2.562653e+01 -1.575894e+01 1.900000e+01
    endloop
  endfacet
  facet normal 0.000000e+00 0.000000e+00 -1.000000e+00
    outer loop
      vertex   2.562653e+01 -1.575894e+01 1.900000e+01
      vertex   2.643589e+01 -1.682565e+01 1.900000e+01
      vertex   2.572322e+01 -1.695625e+01 1.900000e+01
    endloop
  endfacet
  facet normal 0.000000e+00 -0.000000e+00 -1.000000e+00
    outer loop
      vertex   2.562653e+01 -1.575894e+01 1.900000e+01
      vertex   2.572322e+01 -1.695625e+01 1.900000e+01
      vertex   2.500000e+01 -1.580000e+01 1.900000e+01
    endloop
  endfacet
  facet normal 0.000000e+00 0.000000e+00 -1.000000e+00
    outer loop
      vertex   2.500000e+01 -1.580000e+01 1.900000e+01
      vertex   2.572322e+01 -1.695625e+01 1.900000e+01
      vertex   2.500000e+01 -1.700000e+01 1.900000e+01
    endloop
  endfacet
  facet normal 0.000000e+00 -0.000000e+00 -1.000000e+00
    outer loop
      vertex   2.500000e+01 -1.580000e+01 1.900000e+01
      vertex   2.500000e+01 -1.700000e+01 1.900000e+01
      vertex   -2.500000e+01 -1.700000e+01 1.900000e+01
    endloop
  endfacet
  facet normal -0.000000e+00 0.000000e+00 -1.000000e+00
    outer loop
      vertex   2.500000e+01 -1.580000e+01 1.900000e+01
      vertex   -2.500000e+01 -1.700000e+01 1.900000e+01
      vertex   -2.500000e+01 -1.580000e+01 1.900000e+01
    endloop
  endfacet
  facet normal 0.000000e+00 -0.000000e+00 -1.000000e+00
    outer loop
      vertex   -2.500000e+01 -1.580000e+01 1.900000e+01
      vertex   -2.500000e+01 -1.700000e+01 1.900000e+01
      vertex   -2.572322e+01 -1.695625e+01 1.900000e+01
    endloop
  endfacet
  facet normal -0.000000e+00 0.000000e+00 -1.000000e+00
    outer loop
      vertex   -2.500000e+01 -1.580000e+01 1.900000e+01
      vertex   -2.572322e+01 -1.695625e+01 1.900000e+01
      vertex   -2.562653e+01 -1.575894e+01 1.900000e+01
    endloop
  endfacet
  facet normal 0.000000e+00 0.000000e+00 -1.000000e+00
    outer loop
      vertex   -2.562653e+01 -1.575894e+01 1.900000e+01
      vertex   -2.572322e+01 -1.695625e+01 1.900000e+01
      vertex   -2.643589e+01 -1.682565e+01 1.900000e+01
    endloop
  endfacet
  facet normal -0.000000e+00 0.000000e+00 -1.000000e+00
    outer loop
      vertex   -2.562653e+01 -1.575894e+01 1.900000e+01
      vertex   -2.643589e+01 -1.682565e+01 1.900000e+01
      vertex   -2.624233e+01 -1.563644e+01 1.900000e+01
    endloop
  endfacet
  facet normal 0.000000e+00 0.000000e+00 -1.000000e+00
    outer loop
      vertex   -2.624233e+01 -1.563644e+01 1.900000e+01
      vertex   -2.643589e+01 -1.682565e+01 1.900000e+01
      vertex   -2.712763e+01 -1.661010e+01 1.900000e+01
    endloop
  endfacet
  facet normal 0.000000e+00 0.000000e+00 -1.000000e+00
    outer loop
      vertex   -2.624233e+01 -1.563644e+01 1.900000e+01
      vertex   -2.712763e+01 -1.661010e+01 1.900000e+01
      vertex   -2.778834e+01 -1.631274e+01 1.900000e+01
    endloop
  endfacet
  facet normal -0.000000e+00 0.000000e+00 -1.000000e+00
    outer loop
      vertex   -2.624233e+01 -1.563644e+01 1.900000e+01
      vertex   -2.778834e+01 -1.631274e+01 1.900000e+01
      vertex   -2.683688e+01 -1.543462e+01 1.900000e+01
    endloop
  endfacet
  facet normal 0.000000e+00 0.000000e+00 -1.000000e+00
    outer loop
      vertex   -2.683688e+01 -1.543462e+01 1.900000e+01
      vertex   -2.778834e+01 -1.631274e+01 1.900000e+01
      vertex   -2.840839e+01 -1.593790e+01 1.900000e+01
    endloop
  endfacet
  facet normal -0.000000e+00 0.000000e+00 -1.000000e+00
    outer loop
      vertex   -2.683688e+01 -1.543462e+01 1.900000e+01
      vertex   -2.840839e+01 -1.593790e+01 1.900000e+01
      vertex   -2.740000e+01 -1.515692e+01 1.900000e+01
    endloop
  endfacet
  facet normal 0.000000e+00 0.000000e+00 -1.000000e+00
    outer loop
      vertex   -2.740000e+01 -1.515692e+01 1.900000e+01
      vertex   -2.840839e+01 -1.593790e+01 1.900000e+01
      vertex   -2.897874e+01 -1.549106e+01 1.900000e+01
    endloop
  endfacet
  facet normal -0.000000e+00 0.000000e+00 -1.000000e+00
    outer loop
      vertex   -2.740000e+01 -1.515692e+01 1.900000e+01
      vertex   -2.897874e+01 -1.549106e+01 1.900000e+01
      vertex   -2.792206e+01 -1.480810e+01 1.900000e+01
    endloop
  endfacet
  facet normal 0.000000e+00 0.000000e+00 -1.000000e+00
    outer loop
      vertex   -2.792206e+01 -1.480810e+01 1.900000e+01
      vertex   -2.897874e+01 -1.549106e+01 1.900000e+01
      vertex   -2.949106e+01 -1.497874e+01 1.900000e+01
    endloop
  endfacet
  facet normal -0.000000e+00 0.000000e+00 -1.000000e+00
    outer loop
      vertex   -2.792206e+01 -1.480810e+01 1.900000e+01
      vertex   -2.949106e+01 -1.497874e+01 1.900000e+01
      vertex   -2.839411e+01 -1.439411e+01 1.900000e+01
    endloop
  endfacet
  facet normal 0.000000e+00 0.000000e+00 -1.000000e+00
    outer loop
      vertex   -2.839411e+01 -1.439411e+01 1.900000e+01
      vertex   -2.949106e+01 -1.497874e+01 1.900000e+01
      vertex   -2.993790e+01 -1.440839e+01 1.900000e+01
    endloop
  endfacet
  facet normal -0.000000e+00 0.000000e+00 -1.000000e+00
    outer loop
      vertex   -2.839411e+01 -1.439411e+01 1.900000e+01
      vertex   -2.993790e+01 -1.440839e+01 1.900000e+01
      vertex   -2.880810e+01 -1.392206e+01 1.900000e+01
    endloop
  endfacet
  facet normal -0.000000e+00 0.000000e+00 -1.000000e+00
    outer loop
      vertex   -2.880810e+01 -1.392206e+01 1.900000e+01
      vertex   -2.993790e+01 -1.440839e+01 1.900000e+01
      vertex   -3.031274e+01 -1.378834e+01 1.900000e+01
    endloop
  endfacet
  facet normal 0.000000e+00 0.000000e+00 -1.000000e+00
    outer loop
      vertex   -2.880810e+01 -1.392206e+01 1.900000e+01
      vertex   -3.031274e+01 -1.378834e+01 1.900000e+01
      vertex   -2.915692e+01 -1.340000e+01 1.900000e+01
    endloop
  endfacet
  facet normal -0.000000e+00 0.000000e+00 -1.000000e+00
    outer loop
      vertex   -2.915692e+01 -1.340000e+01 1.900000e+01
      vertex   -3.031274e+01 -1.378834e+01 1.900000e+01
      vertex   -3.061010e+01 -1.312763e+01 1.900000e+01
    endloop
  endfacet
  facet normal 0.000000e+00 0.000000e+00 -1.000000e+00
    outer loop
      vertex   -2.915692e+01 -1.340000e+01 1.900000e+01
      vertex   -3.061010e+01 -1.312763e+01 1.900000e+01
      vertex   -2.943462e+01 -1.283688e+01 1.900000e+01
    endloop
  endfacet
  facet normal -0.000000e+00 0.000000e+00 -1.000000e+00
    outer loop
      vertex   -2.943462e+01 -1.283688e+01 1.900000e+01
      vertex   -3.061010e+01 -1.312763e+01 1.900000e+01
      vertex   -3.082565e+01 -1.243589e+01 1.900000e+01
    endloop
  endfacet
  facet normal 0.000000e+00 0.000000e+00 -1.000000e+00
    outer loop
      vertex   -2.943462e+01 -1.283688e+01 1.900000e+01
      vertex   -3.082565e+01 -1.243589e+01 1.900000e+01
      vertex   -2.963644e+01 -1.224233e+01 1.900000e+01
    endloop
  endfacet
  facet normal -0.000000e+00 0.000000e+00 -1.000000e+00
    outer loop
      vertex   -2.963644e+01 -1.224233e+01 1.900000e+01
      vertex   -3.082565e+01 -1.243589e+01 1.900000e+01
      vertex   -3.095625e+01 -1.172322e+01 1.900000e+01
    endloop
  endfacet
  facet normal 0.000000e+00 0.000000e+00 -1.000000e+00
    outer loop
      vertex   -2.963644e+01 -1.224233e+01 1.900000e+01
      vertex   -3.095625e+01 -1.172322e+01 1.900000e+01
      vertex   -2.975894e+01 -1.162653e+01 1.900000e+01
    endloop
  endfacet
  facet normal -0.000000e+00 0.000000e+00 -1.000000e+00
    outer loop
      vertex   -2.975894e+01 -1.162653e+01 1.900000e+01
      vertex   -3.095625e+01 -1.172322e+01 1.900000e+01
      vertex   -3.100000e+01 -1.100000e+01 1.900000e+01
    endloop
  endfacet
  facet normal -9.981756e-01 6.037850e-02 0.000000e+00
    outer loop
      vertex   -3.100000e+01 1.100000e+01 1.900000e+01
      vertex   -3.100000e+01 1.100000e+01 2.000000e+01
      vertex   -3.095625e+01 1.172322e+01 1.900000e+01
    endloop
  endfacet
  facet normal -9.981756e-01 6.037850e-02 0.000000e+00
    outer loop
      vertex   -3.095625e+01 1.172322e+01 1.900000e+01
      vertex   -3.100000e+01 1.100000e+01 2.000000e+01
      vertex   -3.095625e+01 1.172322e+01 2.000000e+01
    endloop
  endfacet
  facet normal -9.836199e-01 1.802550e-01 0.000000e+00
    outer loop
      vertex   -3.095625e+01 1.172322e+01 1.900000e+01
      vertex   -3.095625e+01 1.172322e+01 2.000000e+01
      vertex   -3.082565e+01 1.243589e+01 1.900000e+01
    endloop
  endfacet
  facet normal -9.836199e-01 1.802550e-01 0.000000e+00
    outer loop
      vertex   -3.082565e+01 1.243589e+01 1.900000e+01
      vertex   -3.095625e+01 1.172322e+01 2.000000e+01
      vertex   -3.082565e+01 1.243589e+01 2.000000e+01
    endloop
  endfacet
  facet normal -9.547209e-01 2.975031e-01 0.000000e+00
    outer loop
      vertex   -3.082565e+01 1.243589e+01 1.900000e+01
      vertex   -3.082565e+01 1.243589e+01 2.000000e+01
      vertex   -3.061010e+01 1.312763e+01 1.900000e+01
    endloop
  endfacet
  facet normal -9.547209e-01 2.975031e-01 0.000000e+00
    outer loop
      vertex   -3.061010e+01 1.312763e+01 1.900000e+01
      vertex   -3.082565e+01 1.243589e+01 2.000000e+01
      vertex   -3.061010e+01 1.312763e+01 2.000000e+01
    endloop
  endfacet
  facet normal -9.118998e-01 4.104128e-01 0.000000e+00
    outer loop
      vertex   -3.061010e+01 1.312763e+01 1.900000e+01
      vertex   -3.061010e+01 1.312763e+01 2.000000e+01
      vertex   -3.031274e+01 1.378834e+01 1.900000e+01
    endloop
  endfacet
  facet normal -9.118998e-01 4.104128e-01 0.000000e+00
    outer loop
      vertex   -3.031274e+01 1.378834e+01 1.900000e+01
      vertex   -3.061010e+01 1.312763e+01 2.000000e+01
      vertex   -3.031274e+01 1.378834e+01 2.000000e+01
    endloop
  endfacet
  facet normal -8.557813e-01 5.173378e-01 0.000000e+00
    outer loop
      vertex   -3.031274e+01 1.378834e+01 1.900000e+01
      vertex   -3.031274e+01 1.378834e+01 2.000000e+01
      vertex   -2.993790e+01 1.440839e+01 1.900000e+01
    endloop
  endfacet
  facet normal -8.557813e-01 5.173378e-01 0.000000e+00
    outer loop
      vertex   -2.993790e+01 1.440839e+01 1.900000e+01
      vertex   -3.031274e+01 1.378834e+01 2.000000e+01
      vertex   -2.993790e+01 1.440839e+01 2.000000e+01
    endloop
  endfacet
  facet normal -7.871835e-01 6.167189e-01 0.000000e+00
    outer loop
      vertex   -2.993790e+01 1.440839e+01 1.900000e+01
      vertex   -2.993790e+01 1.440839e+01 2.000000e+01
      vertex   -2.949106e+01 1.497874e+01 1.900000e+01
    endloop
  endfacet
  facet normal -7.871835e-01 6.167189e-01 0.000000e+00
    outer loop
      vertex   -2.949106e+01 1.497874e+01 1.900000e+01
      vertex   -2.993790e+01 1.440839e+01 2.000000e+01
      vertex   -2.949106e+01 1.497874e+01 2.000000e+01
    endloop
  endfacet
  facet normal -7.071068e-01 7.071068e-01 0.000000e+00
    outer loop
      vertex   -2.949106e+01 1.497874e+01 1.900000e+01
      vertex   -2.949106e+01 1.497874e+01 2.000000e+01
      vertex   -2.897874e+01 1.549106e+01 1.900000e+01
    endloop
  endfacet
  facet normal -7.071068e-01 7.071068e-01 0.000000e+00
    outer loop
      vertex   -2.897874e+01 1.549106e+01 1.900000e+01
      vertex   -2.949106e+01 1.497874e+01 2.000000e+01
      vertex   -2.897874e+01 1.549106e+01 2.000000e+01
    endloop
  endfacet
  facet normal -6.167189e-01 7.871835e-01 0.000000e+00
    outer loop
      vertex   -2.897874e+01 1.549106e+01 1.900000e+01
      vertex   -2.897874e+01 1.549106e+01 2.000000e+01
      vertex   -2.840839e+01 1.593790e+01 1.900000e+01
    endloop
  endfacet
  facet normal -6.167189e-01 7.871835e-01 0.000000e+00
    outer loop
      vertex   -2.840839e+01 1.593790e+01 1.900000e+01
      vertex   -2.897874e+01 1.549106e+01 2.000000e+01
      vertex   -2.840839e+01 1.593790e+01 2.000000e+01
    endloop
  endfacet
  facet normal -5.173378e-01 8.557813e-01 0.000000e+00
    outer loop
      vertex   -2.840839e+01 1.593790e+01 1.900000e+01
      vertex   -2.840839e+01 1.593790e+01 2.000000e+01
      vertex   -2.778834e+01 1.631274e+01 1.900000e+01
    endloop
  endfacet
  facet normal -5.173378e-01 8.557813e-01 0.000000e+00
    outer loop
      vertex   -2.778834e+01 1.631274e+01 1.900000e+01
      vertex   -2.840839e+01 1.593790e+01 2.000000e+01
      vertex   -2.778834e+01 1.631274e+01 2.000000e+01
    endloop
  endfacet
  facet normal -4.104128e-01 9.118998e-01 0.000000e+00
    outer loop
      vertex   -2.778834e+01 1.631274e+01 1.900000e+01
      vertex   -2.778834e+01 1.631274e+01 2.000000e+01
      vertex   -2.712763e+01 1.661010e+01 1.900000e+01
    endloop
  endfacet
  facet normal -4.104128e-01 9.118998e-01 0.000000e+00
    outer loop
      vertex   -2.712763e+01 1.661010e+01 1.900000e+01
      vertex   -2.778834e+01 1.631274e+01 2.000000e+01
      vertex   -2.712763e+01 1.661010e+01 2.000000e+01
    endloop
  endfacet
  facet normal -2.975031e-01 9.547209e-01 0.000000e+00
    outer loop
      vertex   -2.712763e+01 1.661010e+01 1.900000e+01
      vertex   -2.712763e+01 1.661010e+01 2.000000e+01
      vertex   -2.643589e+01 1.682565e+01 1.900000e+01
    endloop
  endfacet
  facet normal -2.975031e-01 9.547209e-01 0.000000e+00
    outer loop
      vertex   -2.643589e+01 1.682565e+01 1.900000e+01
      vertex   -2.712763e+01 1.661010e+01 2.000000e+01
      vertex   -2.643589e+01 1.682565e+01 2.000000e+01
    endloop
  endfacet
  facet normal -1.802550e-01 9.836199e-01 0.000000e+00
    outer loop
      vertex   -2.643589e+01 1.682565e+01 1.900000e+01
      vertex   -2.643589e+01 1.682565e+01 2.000000e+01
      vertex   -2.572322e+01 1.695625e+01 1.900000e+01
    endloop
  endfacet
  facet normal -1.802550e-01 9.836199e-01 0.000000e+00
    outer loop
      vertex   -2.572322e+01 1.695625e+01 1.900000e+01
      vertex   -2.643589e+01 1.682565e+01 2.000000e+01
      vertex   -2.572322e+01 1.695625e+01 2.000000e+01
    endloop
  endfacet
  facet normal -6.037850e-02 9.981756e-01 0.000000e+00
    outer loop
      vertex   -2.572322e+01 1.695625e+01 1.900000e+01
      vertex   -2.572322e+01 1.695625e+01 2.000000e+01
      vertex   -2.500000e+01 1.700000e+01 1.900000e+01
    endloop
  endfacet
  facet normal -6.037850e-02 9.981756e-01 0.000000e+00
    outer loop
      vertex   -2.500000e+01 1.700000e+01 1.900000e+01
      vertex   -2.572322e+01 1.695625e+01 2.000000e+01
      vertex   -2.500000e+01 1.700000e+01 2.000000e+01
    endloop
  endfacet
  facet normal -0.000000e+00 1.000000e+00 0.000000e+00
    outer loop
      vertex   -2.500000e+01 1.700000e+01 2.000000e+01
      vertex   2.500000e+01 1.700000e+01 2.000000e+01
      vertex   -2.500000e+01 1.700000e+01 1.900000e+01
    endloop
  endfacet
  facet normal 0.000000e+00 1.000000e+00 0.000000e+00
    outer loop
      vertex   -2.500000e+01 1.700000e+01 1.900000e+01
      vertex   2.500000e+01 1.700000e+01 2.000000e+01
      vertex   2.500000e+01 1.700000e+01 1.900000e+01
    endloop
  endfacet
  facet normal -6.037850e-02 -9.981756e-01 0.000000e+00
    outer loop
      vertex   -2.500000e+01 -1.700000e+01 1.900000e+01
      vertex   -2.500000e+01 -1.700000e+01 2.000000e+01
      vertex   -2.572322e+01 -1.695625e+01 1.900000e+01
    endloop
  endfacet
  facet normal -6.037850e-02 -9.981756e-01 4.290150e-16
    outer loop
      vertex   -2.572322e+01 -1.695625e+01 1.900000e+01
      vertex   -2.500000e+01 -1.700000e+01 2.000000e+01
      vertex   -2.572322e+01 -1.695625e+01 2.000000e+01
    endloop
  endfacet
  facet normal -1.802550e-01 -9.836199e-01 1.280789e-15
    outer loop
      vertex   -2.572322e+01 -1.695625e+01 1.900000e+01
      vertex   -2.572322e+01 -1.695625e+01 2.000000e+01
      vertex   -2.643589e+01 -1.682565e+01 1.900000e+01
    endloop
  endfacet
  facet normal -1.802550e-01 -9.836199e-01 0.000000e+00
    outer loop
      vertex   -2.643589e+01 -1.682565e+01 1.900000e+01
      vertex   -2.572322e+01 -1.695625e+01 2.000000e+01
      vertex   -2.643589e+01 -1.682565e+01 2.000000e+01
    endloop
  endfacet
  facet normal -2.975031e-01 -9.547209e-01 0.000000e+00
    outer loop
      vertex   -2.643589e+01 -1.682565e+01 1.900000e+01
      vertex   -2.643589e+01 -1.682565e+01 2.000000e+01
      vertex   -2.712763e+01 -1.661010e+01 1.900000e+01
    endloop
  endfacet
  facet normal -2.975031e-01 -9.547209e-01 -2.334907e-15
    outer loop
      vertex   -2.712763e+01 -1.661010e+01 1.900000e+01
      vertex   -2.643589e+01 -1.682565e+01 2.000000e+01
      vertex   -2.712763e+01 -1.661010e+01 2.000000e+01
    endloop
  endfacet
  facet normal -4.104128e-01 -9.118998e-01 -1.781640e-15
    outer loop
      vertex   -2.712763e+01 -1.661010e+01 1.900000e+01
      vertex   -2.712763e+01 -1.661010e+01 2.000000e+01
      vertex   -2.778834e+01 -1.631274e+01 1.900000e+01
    endloop
  endfacet
  facet normal -4.104128e-01 -9.118998e-01 0.000000e+00
    outer loop
      vertex   -2.778834e+01 -1.631274e+01 1.900000e+01
      vertex   -2.712763e+01 -1.661010e+01 2.000000e+01
      vertex   -2.778834e+01 -1.631274e+01 2.000000e+01
    endloop
  endfacet
  facet normal -5.173378e-01 -8.557813e-01 0.000000e+00
    outer loop
      vertex   -2.778834e+01 -1.631274e+01 1.900000e+01
      vertex   -2.778834e+01 -1.631274e+01 2.000000e+01
      vertex   -2.840839e+01 -1.593790e+01 1.900000e+01
    endloop
  endfacet
  facet normal -5.173378e-01 -8.557813e-01 -3.040346e-15
    outer loop
      vertex   -2.840839e+01 -1.593790e+01 1.900000e+01
      vertex   -2.778834e+01 -1.631274e+01 2.000000e+01
      vertex   -2.840839e+01 -1.593790e+01 2.000000e+01
    endloop
  endfacet
  facet normal -6.167189e-01 -7.871835e-01 -2.796638e-15
    outer loop
      vertex   -2.840839e+01 -1.593790e+01 1.900000e+01
      vertex   -2.840839e+01 -1.593790e+01 2.000000e+01
      vertex   -2.897874e+01 -1.549106e+01 1.900000e+01
    endloop
  endfacet
  facet normal -6.167189e-01 -7.871835e-01 -1.398319e-15
    outer loop
      vertex   -2.897874e+01 -1.549106e+01 1.900000e+01
      vertex   -2.840839e+01 -1.593790e+01 2.000000e+01
      vertex   -2.897874e+01 -1.549106e+01 2.000000e+01
    endloop
  endfacet
  facet normal -7.071068e-01 -7.071068e-01 -1.256074e-15
    outer loop
      vertex   -2.897874e+01 -1.549106e+01 1.900000e+01
      vertex   -2.897874e+01 -1.549106e+01 2.000000e+01
      vertex   -2.949106e+01 -1.497874e+01 1.900000e+01
    endloop
  endfacet
  facet normal -7.071068e-01 -7.071068e-01 0.000000e+00
    outer loop
      vertex   -2.949106e+01 -1.497874e+01 1.900000e+01
      vertex   -2.897874e+01 -1.549106e+01 2.000000e+01
      vertex   -2.949106e+01 -1.497874e+01 2.000000e+01
    endloop
  endfacet
  facet normal -7.871835e-01 -6.167189e-01 0.000000e+00
    outer loop
      vertex   -2.949106e+01 -1.497874e+01 1.900000e+01
      vertex   -2.949106e+01 -1.497874e+01 2.000000e+01
      vertex   -2.993790e+01 -1.440839e+01 1.900000e+01
    endloop
  endfacet
  facet normal -7.871835e-01 -6.167189e-01 1.701125e-15
    outer loop
      vertex   -2.993790e+01 -1.440839e+01 1.900000e+01
      vertex   -2.949106e+01 -1.497874e+01 2.000000e+01
      vertex   -2.993790e+01 -1.440839e+01 2.000000e+01
    endloop
  endfacet
  facet normal -8.557813e-01 -5.173378e-01 2.121369e-15
    outer loop
      vertex   -2.993790e+01 -1.440839e+01 1.900000e+01
      vertex   -2.993790e+01 -1.440839e+01 2.000000e+01
      vertex   -3.031274e+01 -1.378834e+01 1.900000e+01
    endloop
  endfacet
  facet normal -8.557813e-01 -5.173378e-01 -1.837953e-15
    outer loop
      vertex   -3.031274e+01 -1.378834e+01 1.900000e+01
      vertex   -2.993790e+01 -1.440839e+01 2.000000e+01
      vertex   -3.031274e+01 -1.378834e+01 2.000000e+01
    endloop
  endfacet
  facet normal -9.118998e-01 -4.104128e-01 -1.458079e-15
    outer loop
      vertex   -3.031274e+01 -1.378834e+01 1.900000e+01
      vertex   -3.031274e+01 -1.378834e+01 2.000000e+01
      vertex   -3.061010e+01 -1.312763e+01 1.900000e+01
    endloop
  endfacet
  facet normal -9.118998e-01 -4.104128e-01 -7.290396e-16
    outer loop
      vertex   -3.061010e+01 -1.312763e+01 1.900000e+01
      vertex   -3.031274e+01 -1.378834e+01 2.000000e+01
      vertex   -3.061010e+01 -1.312763e+01 2.000000e+01
    endloop
  endfacet
  facet normal -9.547209e-01 -2.975031e-01 -5.284716e-16
    outer loop
      vertex   -3.061010e+01 -1.312763e+01 1.900000e+01
      vertex   -3.061010e+01 -1.312763e+01 2.000000e+01
      vertex   -3.082565e+01 -1.243589e+01 1.900000e+01
    endloop
  endfacet
  facet normal -9.547209e-01 -2.975031e-01 0.000000e+00
    outer loop
      vertex   -3.082565e+01 -1.243589e+01 1.900000e+01
      vertex   -3.061010e+01 -1.312763e+01 2.000000e+01
      vertex   -3.082565e+01 -1.243589e+01 2.000000e+01
    endloop
  endfacet
  facet normal -9.836199e-01 -1.802550e-01 0.000000e+00
    outer loop
      vertex   -3.082565e+01 -1.243589e+01 1.900000e+01
      vertex   -3.082565e+01 -1.243589e+01 2.000000e+01
      vertex   -3.095625e+01 -1.172322e+01 1.900000e+01
    endloop
  endfacet
  facet normal -9.836199e-01 -1.802550e-01 -6.403945e-16
    outer loop
      vertex   -3.095625e+01 -1.172322e+01 1.900000e+01
      vertex   -3.082565e+01 -1.243589e+01 2.000000e+01
      vertex   -3.095625e+01 -1.172322e+01 2.000000e+01
    endloop
  endfacet
  facet normal -9.981756e-01 -6.037850e-02 -2.145075e-16
    outer loop
      vertex   -3.095625e+01 -1.172322e+01 1.900000e+01
      vertex   -3.095625e+01 -1.172322e+01 2.000000e+01
      vertex   -3.100000e+01 -1.100000e+01 1.900000e+01
    endloop
  endfacet
  facet normal -9.981756e-01 -6.037850e-02 0.000000e+00
    outer loop
      vertex   -3.100000e+01 -1.100000e+01 1.900000e+01
      vertex   -3.095625e+01 -1.172322e+01 2.000000e+01
      vertex   -3.100000e+01 -1.100000e+01 2.000000e+01
    endloop
  endfacet
  facet normal -1.000000e+00 -1.614870e-16 -0.000000e+00
    outer loop
      vertex   -3.100000e+01 -1.100000e+01 2.000000e+01
      vertex   -3.100000e+01 1.100000e+01 2.000000e+01
      vertex   -3.100000e+01 -1.100000e+01 1.900000e+01
    endloop
  endfacet
  facet normal -1.000000e+00 -1.614870e-16 0.000000e+00
    outer loop
      vertex   -3.100000e+01 -1.100000e+01 1.900000e+01
      vertex   -3.100000e+01 1.100000e+01 2.000000e+01
      vertex   -3.100000e+01 1.100000e+01 1.900000e+01
    endloop
  endfacet
  facet normal 0.000000e+00 0.000000e+00 -1.000000e+00
    outer loop
      vertex   2.675000e+01 -1.100000e+01 1.900000e+01
      vertex   2.675000e+01 1.100000e+01 1.900000e+01
      vertex   2.820000e+01 1.100000e+01 1.900000e+01
    endloop
  endfacet
  facet normal 0.000000e+00 0.000000e+00 -1.000000e+00
    outer loop
      vertex   2.820000e+01 1.100000e+01 1.900000e+01
      vertex   2.675000e+01 1.100000e+01 1.900000e+01
      vertex   2.670612e+01 1.138941e+01 1.900000e+01
    endloop
  endfacet
  facet normal 0.000000e+00 0.000000e+00 -1.000000e+00
    outer loop
      vertex   2.820000e+01 1.100000e+01 1.900000e+01
      vertex   2.670612e+01 1.138941e+01 1.900000e+01
      vertex   2.816060e+01 1.150059e+01 1.900000e+01
    endloop
  endfacet
  facet normal -0.000000e+00 0.000000e+00 -1.000000e+00
    outer loop
      vertex   2.816060e+01 1.150059e+01 1.900000e+01
      vertex   2.670612e+01 1.138941e+01 1.900000e+01
      vertex   2.657670e+01 1.175930e+01 1.900000e+01
    endloop
  endfacet
  facet normal 0.000000e+00 0.000000e+00 -1.000000e+00
    outer loop
      vertex   2.816060e+01 1.150059e+01 1.900000e+01
      vertex   2.657670e+01 1.175930e+01 1.900000e+01
      vertex   2.804338e+01 1.198885e+01 1.900000e+01
    endloop
  endfacet
  facet normal -0.000000e+00 0.000000e+00 -1.000000e+00
    outer loop
      vertex   2.804338e+01 1.198885e+01 1.900000e+01
      vertex   2.657670e+01 1.175930e+01 1.900000e+01
      vertex   2.636821e+01 1.209111e+01 1.900000e+01
    endloop
  endfacet
  facet normal 0.000000e+00 0.000000e+00 -1.000000e+00
    outer loop
      vertex   2.804338e+01 1.198885e+01 1.900000e+01
      vertex   2.636821e+01 1.209111e+01 1.900000e+01
      vertex   2.785122e+01 1.245277e+01 1.900000e+01
    endloop
  endfacet
  facet normal 0.000000e+00 0.000000e+00 -1.000000e+00
    outer loop
      vertex   2.785122e+01 1.245277e+01 1.900000e+01
      vertex   2.636821e+01 1.209111e+01 1.900000e+01
      vertex   2.609111e+01 1.236821e+01 1.900000e+01
    endloop
  endfacet
  facet normal -0.000000e+00 0.000000e+00 -1.000000e+00
    outer loop
      vertex   2.785122e+01 1.245277e+01 1.900000e+01
      vertex   2.609111e+01 1.236821e+01 1.900000e+01
      vertex   2.758885e+01 1.288091e+01 1.900000e+01
    endloop
  endfacet
  facet normal 0.000000e+00 0.000000e+00 -1.000000e+00
    outer loop
      vertex   2.758885e+01 1.288091e+01 1.900000e+01
      vertex   2.609111e+01 1.236821e+01 1.900000e+01
      vertex   2.575930e+01 1.257670e+01 1.900000e+01
    endloop
  endfacet
  facet normal -0.000000e+00 0.000000e+00 -1.000000e+00
    outer loop
      vertex   2.758885e+01 1.288091e+01 1.900000e+01
      vertex   2.575930e+01 1.257670e+01 1.900000e+01
      vertex   2.726274e+01 1.326274e+01 1.900000e+01
    endloop
  endfacet
  facet normal 0.000000e+00 0.000000e+00 -1.000000e+00
    outer loop
      vertex   2.726274e+01 1.326274e+01 1.900000e+01
      vertex   2.575930e+01 1.257670e+01 1.900000e+01
      vertex   2.538941e+01 1.270612e+01 1.900000e+01
    endloop
  endfacet
  facet normal -0.000000e+00 0.000000e+00 -1.000000e+00
    outer loop
      vertex   2.726274e+01 1.326274e+01 1.900000e+01
      vertex   2.538941e+01 1.270612e+01 1.900000e+01
      vertex   2.688091e+01 1.358885e+01 1.900000e+01
    endloop
  endfacet
  facet normal -0.000000e+00 0.000000e+00 -1.000000e+00
    outer loop
      vertex   2.688091e+01 1.358885e+01 1.900000e+01
      vertex   2.538941e+01 1.270612e+01 1.900000e+01
      vertex   2.645277e+01 1.385122e+01 1.900000e+01
    endloop
  endfacet
  facet normal 0.000000e+00 0.000000e+00 -1.000000e+00
    outer loop
      vertex   2.645277e+01 1.385122e+01 1.900000e+01
      vertex   2.538941e+01 1.270612e+01 1.900000e+01
      vertex   2.500000e+01 1.275000e+01 1.900000e+01
    endloop
  endfacet
  facet normal -0.000000e+00 0.000000e+00 -1.000000e+00
    outer loop
      vertex   2.645277e+01 1.385122e+01 1.900000e+01
      vertex   2.500000e+01 1.275000e+01 1.900000e+01
      vertex   2.598885e+01 1.404338e+01 1.900000e+01
    endloop
  endfacet
  facet normal -0.000000e+00 0.000000e+00 -1.000000e+00
    outer loop
      vertex   2.598885e+01 1.404338e+01 1.900000e+01
      vertex   2.500000e+01 1.275000e+01 1.900000e+01
      vertex   2.550059e+01 1.416060e+01 1.900000e+01
    endloop
  endfacet
  facet normal -0.000000e+00 0.000000e+00 -1.000000e+00
    outer loop
      vertex   2.550059e+01 1.416060e+01 1.900000e+01
      vertex   2.500000e+01 1.275000e+01 1.900000e+01
      vertex   2.500000e+01 1.420000e+01 1.900000e+01
    endloop
  endfacet
  facet normal 0.000000e+00 -0.000000e+00 -1.000000e+00
    outer loop
      vertex   2.500000e+01 1.420000e+01 1.900000e+01
      vertex   2.500000e+01 1.275000e+01 1.900000e+01
      vertex   -2.500000e+01 1.275000e+01 1.900000e+01
    endloop
  endfacet
  facet normal 0.000000e+00 0.000000e+00 -1.000000e+00
    outer loop
      vertex   2.500000e+01 1.420000e+01 1.900000e+01
      vertex   -2.500000e+01 1.275000e+01 1.900000e+01
      vertex   -2.500000e+01 1.420000e+01 1.900000e+01
    endloop
  endfacet
  facet normal 0.000000e+00 -0.000000e+00 -1.000000e+00
    outer loop
      vertex   -2.500000e+01 1.420000e+01 1.900000e+01
      vertex   -2.500000e+01 1.275000e+01 1.900000e+01
      vertex   -2.550059e+01 1.416060e+01 1.900000e+01
    endloop
  endfacet
  facet normal 0.000000e+00 -0.000000e+00 -1.000000e+00
    outer loop
      vertex   -2.550059e+01 1.416060e+01 1.900000e+01
      vertex   -2.500000e+01 1.275000e+01 1.900000e+01
      vertex   -2.598885e+01 1.404338e+01 1.900000e+01
    endloop
  endfacet
  facet normal 0.000000e+00 -0.000000e+00 -1.000000e+00
    outer loop
      vertex   -2.598885e+01 1.404338e+01 1.900000e+01
      vertex   -2.500000e+01 1.275000e+01 1.900000e+01
      vertex   -2.645277e+01 1.385122e+01 1.900000e+01
    endloop
  endfacet
  facet normal 0.000000e+00 0.000000e+00 -1.000000e+00
    outer loop
      vertex   -2.645277e+01 1.385122e+01 1.900000e+01
      vertex   -2.500000e+01 1.275000e+01 1.900000e+01
      vertex   -2.538941e+01 1.270612e+01 1.900000e+01
    endloop
  endfacet
  facet normal 0.000000e+00 -0.000000e+00 -1.000000e+00
    outer loop
      vertex   -2.645277e+01 1.385122e+01 1.900000e+01
      vertex   -2.538941e+01 1.270612e+01 1.900000e+01
      vertex   -2.688091e+01 1.358885e+01 1.900000e+01
    endloop
  endfacet
  facet normal 0.000000e+00 -0.000000e+00 -1.000000e+00
    outer loop
      vertex   -2.688091e+01 1.358885e+01 1.900000e+01
      vertex   -2.538941e+01 1.270612e+01 1.900000e+01
      vertex   -2.726274e+01 1.326274e+01 1.900000e+01
    endloop
  endfacet
  facet normal 0.000000e+00 0.000000e+00 -1.000000e+00
    outer loop
      vertex   -2.726274e+01 1.326274e+01 1.900000e+01
      vertex   -2.538941e+01 1.270612e+01 1.900000e+01
      vertex   -2.575930e+01 1.257670e+01 1.900000e+01
    endloop
  endfacet
  facet normal 0.000000e+00 -0.000000e+00 -1.000000e+00
    outer loop
      vertex   -2.726274e+01 1.326274e+01 1.900000e+01
      vertex   -2.575930e+01 1.257670e+01 1.900000e+01
      vertex   -2.758885e+01 1.288091e+01 1.900000e+01
    endloop
  endfacet
  facet normal 0.000000e+00 0.000000e+00 -1.000000e+00
    outer loop
      vertex   -2.758885e+01 1.288091e+01 1.900000e+01
      vertex   -2.575930e+01 1.257670e+01 1.900000e+01
      vertex   -2.609111e+01 1.236821e+01 1.900000e+01
    endloop
  endfacet
  facet normal 0.000000e+00 -0.000000e+00 -1.000000e+00
    outer loop
      vertex   -2.758885e+01 1.288091e+01 1.900000e+01
      vertex   -2.609111e+01 1.236821e+01 1.900000e+01
      vertex   -2.785122e+01 1.245277e+01 1.900000e+01
    endloop
  endfacet
  facet normal 0.000000e+00 0.000000e+00 -1.000000e+00
    outer loop
      vertex   -2.785122e+01 1.245277e+01 1.900000e+01
      vertex   -2.609111e+01 1.236821e+01 1.900000e+01
      vertex   -2.636821e+01 1.209111e+01 1.900000e+01
    endloop
  endfacet
  facet normal 0.000000e+00 -0.000000e+00 -1.000000e+00
    outer loop
      vertex   -2.785122e+01 1.245277e+01 1.900000e+01
      vertex   -2.636821e+01 1.209111e+01 1.900000e+01
      vertex   -2.804338e+01 1.198885e+01 1.900000e+01
    endloop
  endfacet
  facet normal 0.000000e+00 0.000000e+00 -1.000000e+00
    outer loop
      vertex   -2.804338e+01 1.198885e+01 1.900000e+01
      vertex   -2.636821e+01 1.209111e+01 1.900000e+01
      vertex   -2.657670e+01 1.175930e+01 1.900000e+01
    endloop
  endfacet
  facet normal 0.000000e+00 -0.000000e+00 -1.000000e+00
    outer loop
      vertex   -2.804338e+01 1.198885e+01 1.900000e+01
      vertex   -2.657670e+01 1.175930e+01 1.900000e+01
      vertex   -2.816060e+01 1.150059e+01 1.900000e+01
    endloop
  endfacet
  facet normal 0.000000e+00 0.000000e+00 -1.000000e+00
    outer loop
      vertex   -2.816060e+01 1.150059e+01 1.900000e+01
      vertex   -2.657670e+01 1.175930e+01 1.900000e+01
      vertex   -2.670612e+01 1.138941e+01 1.900000e+01
    endloop
  endfacet
  facet normal 0.000000e+00 -0.000000e+00 -1.000000e+00
    outer loop
      vertex   -2.816060e+01 1.150059e+01 1.900000e+01
      vertex   -2.670612e+01 1.138941e+01 1.900000e+01
      vertex   -2.820000e+01 1.100000e+01 1.900000e+01
    endloop
  endfacet
  facet normal 0.000000e+00 0.000000e+00 -1.000000e+00
    outer loop
      vertex   -2.820000e+01 1.100000e+01 1.900000e+01
      vertex   -2.670612e+01 1.138941e+01 1.900000e+01
      vertex   -2.675000e+01 1.100000e+01 1.900000e+01
    endloop
  endfacet
  facet normal 0.000000e+00 0.000000e+00 -1.000000e+00
    outer loop
      vertex   -2.820000e+01 1.100000e+01 1.900000e+01
      vertex   -2.675000e+01 1.100000e+01 1.900000e+01
      vertex   -2.820000e+01 -1.100000e+01 1.900000e+01
    endloop
  endfacet
  facet normal 0.000000e+00 0.000000e+00 -1.000000e+00
    outer loop
      vertex   -2.820000e+01 -1.100000e+01 1.900000e+01
      vertex   -2.675000e+01 1.100000e+01 1.900000e+01
      vertex   -2.675000e+01 -1.100000e+01 1.900000e+01
    endloop
  endfacet
  facet normal 0.000000e+00 0.000000e+00 -1.000000e+00
    outer loop
      vertex   -2.820000e+01 -1.100000e+01 1.900000e+01
      vertex   -2.675000e+01 -1.100000e+01 1.900000e+01
      vertex   -2.670612e+01 -1.138941e+01 1.900000e+01
    endloop
  endfacet
  facet normal 0.000000e+00 0.000000e+00 -1.000000e+00
    outer loop
      vertex   -2.820000e+01 -1.100000e+01 1.900000e+01
      vertex   -2.670612e+01 -1.138941e+01 1.900000e+01
      vertex   -2.816060e+01 -1.150059e+01 1.900000e+01
    endloop
  endfacet
  facet normal 0.000000e+00 0.000000e+00 -1.000000e+00
    outer loop
      vertex   -2.816060e+01 -1.150059e+01 1.900000e+01
      vertex   -2.670612e+01 -1.138941e+01 1.900000e+01
      vertex   -2.657670e+01 -1.175930e+01 1.900000e+01
    endloop
  endfacet
  facet normal 0.000000e+00 0.000000e+00 -1.000000e+00
    outer loop
      vertex   -2.816060e+01 -1.150059e+01 1.900000e+01
      vertex   -2.657670e+01 -1.175930e+01 1.900000e+01
      vertex   -2.804338e+01 -1.198885e+01 1.900000e+01
    endloop
  endfacet
  facet normal 0.000000e+00 0.000000e+00 -1.000000e+00
    outer loop
      vertex   -2.804338e+01 -1.198885e+01 1.900000e+01
      vertex   -2.657670e+01 -1.175930e+01 1.900000e+01
      vertex   -2.636821e+01 -1.209111e+01 1.900000e+01
    endloop
  endfacet
  facet normal 0.000000e+00 0.000000e+00 -1.000000e+00
    outer loop
      vertex   -2.804338e+01 -1.198885e+01 1.900000e+01
      vertex   -2.636821e+01 -1.209111e+01 1.900000e+01
      vertex   -2.785122e+01 -1.245277e+01 1.900000e+01
    endloop
  endfacet
  facet normal 0.000000e+00 0.000000e+00 -1.000000e+00
    outer loop
      vertex   -2.785122e+01 -1.245277e+01 1.900000e+01
      vertex   -2.636821e+01 -1.209111e+01 1.900000e+01
      vertex   -2.609111e+01 -1.236821e+01 1.900000e+01
    endloop
  endfacet
  facet normal 0.000000e+00 0.000000e+00 -1.000000e+00
    outer loop
      vertex   -2.785122e+01 -1.245277e+01 1.900000e+01
      vertex   -2.609111e+01 -1.236821e+01 1.900000e+01
      vertex   -2.758885e+01 -1.288091e+01 1.900000e+01
    endloop
  endfacet
  facet normal 0.000000e+00 0.000000e+00 -1.000000e+00
    outer loop
      vertex   -2.758885e+01 -1.288091e+01 1.900000e+01
      vertex   -2.609111e+01 -1.236821e+01 1.900000e+01
      vertex   -2.575930e+01 -1.257670e+01 1.900000e+01
    endloop
  endfacet
  facet normal 0.000000e+00 0.000000e+00 -1.000000e+00
    outer loop
      vertex   -2.758885e+01 -1.288091e+01 1.900000e+01
      vertex   -2.575930e+01 -1.257670e+01 1.900000e+01
      vertex   -2.726274e+01 -1.326274e+01 1.900000e+01
    endloop
  endfacet
  facet normal 0.000000e+00 0.000000e+00 -1.000000e+00
    outer loop
      vertex   -2.726274e+01 -1.326274e+01 1.900000e+01
      vertex   -2.575930e+01 -1.257670e+01 1.900000e+01
      vertex   -2.538941e+01 -1.270612e+01 1.900000e+01
    endloop
  endfacet
  facet normal 0.000000e+00 0.000000e+00 -1.000000e+00
    outer loop
      vertex   -2.726274e+01 -1.326274e+01 1.900000e+01
      vertex   -2.538941e+01 -1.270612e+01 1.900000e+01
      vertex   -2.688091e+01 -1.358885e+01 1.900000e+01
    endloop
  endfacet
  facet normal 0.000000e+00 0.000000e+00 -1.000000e+00
    outer loop
      vertex   -2.688091e+01 -1.358885e+01 1.900000e+01
      vertex   -2.538941e+01 -1.270612e+01 1.900000e+01
      vertex   -2.645277e+01 -1.385122e+01 1.900000e+01
    endloop
  endfacet
  facet normal 0.000000e+00 0.000000e+00 -1.000000e+00
    outer loop
      vertex   -2.645277e+01 -1.385122e+01 1.900000e+01
      vertex   -2.538941e+01 -1.270612e+01 1.900000e+01
      vertex   -2.500000e+01 -1.275000e+01 1.900000e+01
    endloop
  endfacet
  facet normal 0.000000e+00 0.000000e+00 -1.000000e+00
    outer loop
      vertex   -2.645277e+01 -1.385122e+01 1.900000e+01
      vertex   -2.500000e+01 -1.275000e+01 1.900000e+01
      vertex   -2.598885e+01 -1.404338e+01 1.900000e+01
    endloop
  endfacet
  facet normal 0.000000e+00 0.000000e+00 -1.000000e+00
    outer loop
      vertex   -2.598885e+01 -1.404338e+01 1.900000e+01
      vertex   -2.500000e+01 -1.275000e+01 1.900000e+01
      vertex   -2.550059e+01 -1.416060e+01 1.900000e+01
    endloop
  endfacet
  facet normal 0.000000e+00 0.000000e+00 -1.000000e+00
    outer loop
      vertex   -2.550059e+01 -1.416060e+01 1.900000e+01
      vertex   -2.500000e+01 -1.275000e+01 1.900000e+01
      vertex   -2.500000e+01 -1.420000e+01 1.900000e+01
    endloop
  endfacet
  facet normal 0.000000e+00 0.000000e+00 -1.000000e+00
    outer loop
      vertex   -2.500000e+01 -1.420000e+01 1.900000e+01
      vertex   -2.500000e+01 -1.275000e+01 1.900000e+01
      vertex   2.500000e+01 -1.275000e+01 1.900000e+01
    endloop
  endfacet
  facet normal 0.000000e+00 0.000000e+00 -1.000000e+00
    outer loop
      vertex   -2.500000e+01 -1.420000e+01 1.900000e+01
      vertex   2.500000e+01 -1.275000e+01 1.900000e+01
      vertex   2.500000e+01 -1.420000e+01 1.900000e+01
    endloop
  endfacet
  facet normal 0.000000e+00 0.000000e+00 -1.000000e+00
    outer loop
      vertex   2.500000e+01 -1.420000e+01 1.900000e+01
      vertex   2.500000e+01 -1.275000e+01 1.900000e+01
      vertex   2.550059e+01 -1.416060e+01 1.900000e+01
    endloop
  endfacet
  facet normal 0.000000e+00 0.000000e+00 -1.000000e+00
    outer loop
      vertex   2.550059e+01 -1.416060e+01 1.900000e+01
      vertex   2.500000e+01 -1.275000e+01 1.900000e+01
      vertex   2.598885e+01 -1.404338e+01 1.900000e+01
    endloop
  endfacet
  facet normal 0.000000e+00 0.000000e+00 -1.000000e+00
    outer loop
      vertex   2.598885e+01 -1.404338e+01 1.900000e+01
      vertex   2.500000e+01 -1.275000e+01 1.900000e+01
      vertex   2.645277e+01 -1.385122e+01 1.900000e+01
    endloop
  endfacet
  facet normal 0.000000e+00 0.000000e+00 -1.000000e+00
    outer loop
      vertex   2.645277e+01 -1.385122e+01 1.900000e+01
      vertex   2.500000e+01 -1.275000e+01 1.900000e+01
      vertex   2.538941e+01 -1.270612e+01 1.900000e+01
    endloop
  endfacet
  facet normal 0.000000e+00 0.000000e+00 -1.000000e+00
    outer loop
      vertex   2.645277e+01 -1.385122e+01 1.900000e+01
      vertex   2.538941e+01 -1.270612e+01 1.900000e+01
      vertex   2.688091e+01 -1.358885e+01 1.900000e+01
    endloop
  endfacet
  facet normal 0.000000e+00 0.000000e+00 -1.000000e+00
    outer loop
      vertex   2.688091e+01 -1.358885e+01 1.900000e+01
      vertex   2.538941e+01 -1.270612e+01 1.900000e+01
      vertex   2.726274e+01 -1.326274e+01 1.900000e+01
    endloop
  endfacet
  facet normal 0.000000e+00 0.000000e+00 -1.000000e+00
    outer loop
      vertex   2.726274e+01 -1.326274e+01 1.900000e+01
      vertex   2.538941e+01 -1.270612e+01 1.900000e+01
      vertex   2.575930e+01 -1.257670e+01 1.900000e+01
    endloop
  endfacet
  facet normal 0.000000e+00 0.000000e+00 -1.000000e+00
    outer loop
      vertex   2.726274e+01 -1.326274e+01 1.900000e+01
      vertex   2.575930e+01 -1.257670e+01 1.900000e+01
      vertex   2.758885e+01 -1.288091e+01 1.900000e+01
    endloop
  endfacet
  facet normal 0.000000e+00 0.000000e+00 -1.000000e+00
    outer loop
      vertex   2.758885e+01 -1.288091e+01 1.900000e+01
      vertex   2.575930e+01 -1.257670e+01 1.900000e+01
      vertex   2.609111e+01 -1.236821e+01 1.900000e+01
    endloop
  endfacet
  facet normal 0.000000e+00 0.000000e+00 -1.000000e+00
    outer loop
      vertex   2.758885e+01 -1.288091e+01 1.900000e+01
      vertex   2.609111e+01 -1.236821e+01 1.900000e+01
      vertex   2.785122e+01 -1.245277e+01 1.900000e+01
    endloop
  endfacet
  facet normal 0.000000e+00 0.000000e+00 -1.000000e+00
    outer loop
      vertex   2.785122e+01 -1.245277e+01 1.900000e+01
      vertex   2.609111e+01 -1.236821e+01 1.900000e+01
      vertex   2.636821e+01 -1.209111e+01 1.900000e+01
    endloop
  endfacet
  facet normal 0.000000e+00 0.000000e+00 -1.000000e+00
    outer loop
      vertex   2.785122e+01 -1.245277e+01 1.900000e+01
      vertex   2.636821e+01 -1.209111e+01 1.900000e+01
      vertex   2.804338e+01 -1.198885e+01 1.900000e+01
    endloop
  endfacet
  facet normal -0.000000e+00 0.000000e+00 -1.000000e+00
    outer loop
      vertex   2.804338e+01 -1.198885e+01 1.900000e+01
      vertex   2.636821e+01 -1.209111e+01 1.900000e+01
      vertex   2.657670e+01 -1.175930e+01 1.900000e+01
    endloop
  endfacet
  facet normal 0.000000e+00 0.000000e+00 -1.000000e+00
    outer loop
      vertex   2.804338e+01 -1.198885e+01 1.900000e+01
      vertex   2.657670e+01 -1.175930e+01 1.900000e+01
      vertex   2.816060e+01 -1.150059e+01 1.900000e+01
    endloop
  endfacet
  facet normal -0.000000e+00 0.000000e+00 -1.000000e+00
    outer loop
      vertex   2.816060e+01 -1.150059e+01 1.900000e+01
      vertex   2.657670e+01 -1.175930e+01 1.900000e+01
      vertex   2.670612e+01 -1.138941e+01 1.900000e+01
    endloop
  endfacet
  facet normal 0.000000e+00 0.000000e+00 -1.000000e+00
    outer loop
      vertex   2.816060e+01 -1.150059e+01 1.900000e+01
      vertex   2.670612e+01 -1.138941e+01 1.900000e+01
      vertex   2.820000e+01 -1.100000e+01 1.900000e+01
    endloop
  endfacet
  facet normal -0.000000e+00 0.000000e+00 -1.000000e+00
    outer loop
      vertex   2.820000e+01 -1.100000e+01 1.900000e+01
      vertex   2.670612e+01 -1.138941e+01 1.900000e+01
      vertex   2.675000e+01 -1.100000e+01 1.900000e+01
    endloop
  endfacet
  facet normal 0.000000e+00 0.000000e+00 -1.000000e+00
    outer loop
      vertex   2.820000e+01 -1.100000e+01 1.900000e+01
      vertex   2.675000e+01 -1.100000e+01 1.900000e+01
      vertex   2.820000e+01 1.100000e+01 1.900000e+01
    endloop
  endfacet
endsolid
